토큰화,갯수
하다,11362
있다,7650
좋다,5632
많다,4641
없다,4406
회사,4137
업무,2960
복지,2951
되다,2944
않다,2534
사람,2500
문화,2374
동료,1695
분위기,1664
연봉,1656
같다,1465
자다,1450
보상,1204
생각,1186
직원,1157
라벨,1090
자유롭다,1090
수평,1058
보다,1033
근무,992
재택근무,991
조직,983
높다,957
배우다,929
체계,902
아니다,895
시간,871
급여,870
성장,865
성장하다,848
크다,812
받다,800
개발,795
느낌,784
부서,724
야근,720
재택,716
커리어,710
환경,702
장점,683
기업,675
경험,674
모르다,672
가능,672
팀바팀,656
이다,653
되어다,649
다니다,643
서비스,625
성과,600
대한,598
사내,597
영진,597
들다,595
적다,584
다양하다,557
부바,547
빠르다,546
연차,543
단점,542
리더,539
괜찮다,536
심하다,535
힘들다,534
개인,526
수준,521
시스템,521
개발자,520
알다,517
보장,516
매우,512
대기업,510
능력,508
따르다,505
안되다,502
낮다,500
정도,494
주다,486
기회,485
자율,481
비다,473
정말,460
다른,457
해주다,453
실력,438
그렇다,424
때문,421
사용,418
경우,414
의사결정,410
출퇴근,408
최고,407
가능하다,406
다르다,403
본인,399
챙기다,392
부분,391
업계,383
힘드다,379
눈치,369
자유,365
오다,357
지원,352
바뀌다,352
계속,348
평가,346
휴가,345
소통,344
강도,342
별로,341
해보다,337
외국인,334
쿠팡,334
싶다,333
대비,330
진행,329
제도,325
신입,325
나쁘다,324
쉬다,321
구조,319
입사,318
경력,317
네이버,310
개인주의,307
하나,307
인하다,306
프로세스,302
수직,302
가다,300
편하다,296
만들다,296
짜다,295
점점,290
무량,290
어렵다,288
조금,286
글로벌,286
사업,285
출근,285
딱하다,282
주변,281
어려움,279
노력,277
부족하다,277
경영,275
월급,274
이직,271
기준,271
거의,270
새롭다,270
편이,269
경쟁,268
쓰다,265
프로젝트,264
영어,263
정치,263
기술,262
뛰어나다,262
코로나,260
느끼다,257
변화,257
보고,256
비교,256
바쁘다,251
나름,247
임밸류,246
자기,246
만큼,245
스스로,244
의견,243
세다,243
진짜,242
도움,239
서로,238
문제,237
야하다,232
스트레스,232
보이다,231
임원,229
발전,229
대부분,226
맞다,225
모두,225
아쉽다,225
처우,225
시키다,224
압박,224
모든,224
똑똑하다,223
그냥,221
구성원,217
훌륭하다,215
향상,214
적당하다,213
가장,212
인물,212
나오다,212
자주,209
나가다,208
협업,208
찾다,206
쌓다,206
로움,204
유연하다,202
카카오,201
잦다,201
퇴근,201
지키다,200
가끔,199
수당,198
존중,192
젊다,192
느껴지다,192
기본,190
적응하다,190
결정,190
차이,187
역량,187
한국,186
규모,186
타다,185
책임,185
가능성,184
확실하다,183
인사,182
어떻다,182
일정,180
크게,179
인상,178
사옥,178
다운,177
국내,177
전반,176
필요하다,175
들어오다,175
진의,175
근무시간,174
이상,173
개선,171
계약,171
만나다,170
떨어지다,170
원하다,170
존재,169
위치,169
방식,169
레벨,169
보임,166
효율,166
강하다,165
팀원,164
쓸다,163
스타트업,163
처리,163
먹다,161
커뮤니케이션,159
들이다,159
위해,159
일만,158
생기다,157
주니어,156
일이,155
꼰대,155
대해,155
이미지,154
적응,151
상대,151
외부,151
운영,151
속도,151
만족하다,149
오피스,149
자체,149
최근,149
대우,149
실무,148
인프라,148
매니저,147
혼자,147
내부,146
잡히다,145
교육,145
직장,144
회의,144
포괄,144
마인드,143
부족,143
일본,141
갈다,141
열정,139
신경,139
아주,139
수도,139
식당,137
갖추다,137
목표,135
집중,135
공유,134
직문,134
가지,134
등등,134
외국,133
항상,133
바이,132
퇴사,131
인재,131
내다,131
도전,130
방향성,130
인력,129
유연근무제,128
임금,127
다소,126
시도,126
전체,125
풀재택,125
이름,124
상황,124
맞추다,124
제대로,124
이상하다,123
굉장하다,123
여러,123
치다,123
라면,123
이렇다,123
이겠다,123
처음,122
제공,122
방향,122
데이터,122
라인,121
평균,121
무제,121
이후,120
사무실,120
합리,120
느리다,120
관리,120
안정,120
우리,120
상위,120
나다,119
미래,118
혜택,118
의지,117
전혀,117
여기,117
자율성,117
정규직,116
승진,115
케바케,115
관련,114
고민,114
자부심,114
직급,113
멀다,112
좋아하다,112
각자,112
신규,112
어디,112
시설,110
주먹구구,110
부다,110
일단,110
돌아가다,110
안좋다,109
일부,109
답답하다,108
끼리,108
인정,108
만족스럽다,108
보수,107
실적,107
사실,107
해도,107
주도,107
지금,106
기대하다,106
센티,105
걸리다,105
시작,104
좋아지다,104
커지다,103
명확하다,103
해외,103
많아지다,102
욕심,102
대체로,102
필요,102
건물,102
이해,102
이제,101
엄청나다,101
누구,100
실제,100
온보딩,99
해결,99
마음,99
보험,99
중요하다,99
친절하다,99
일해,98
성향,98
발생,98
구내식당,98
지다,97
터치,97
충분하다,96
주어지다,96
선택,96
기획,96
안보,96
적임,95
대표,95
빼다,95
직무,94
만족,94
아쉬움,94
관계,93
늘다,93
또한,93
이슈,93
뭔가,92
돼다,92
뽑다,92
트래픽,91
불만,91
생활,91
상당하다,90
애매하다,90
중심,90
자리,90
적극,89
시니어,89
이동,89
넘다,89
권한,89
끄다,89
완전,88
비슷하다,88
이건,87
관심,87
이기다,86
부재,86
절대,86
상사,86
어리다,86
약간,86
위주,86
카페,85
올라가다,85
매일,85
여러가지,85
은근,85
현재,84
칼퇴,84
추천,84
부지,84
주말,83
관리자,82
과정,82
살아나다,82
버리다,82
최악,82
휴무,82
무엇,81
배송,81
요즘,81
배려,81
공부,81
자판기,81
유지,80
인원,80
사라지다,80
종종,80
강요,79
안식,79
소소하다,79
채용,79
써다,78
가족,78
추가,78
찾기,77
스럽다,77
맛있다,77
미치다,77
부담,77
전환,77
이유,77
정책,77
착하다,76
닉네임,76
남다,76
오르다,75
버티다,75
도서,75
정신,74
포기,74
로서,74
한번,74
얼마,74
복잡하다,74
늘어나다,74
중간,74
넣다,73
걱정,73
채우다,73
자신,73
상승,73
끝나다,73
본사,73
단위,72
담당자,72
아무,72
불투명하다,72
의사,71
루팡,71
가지다,71
무능하다,71
고객,71
만원,71
의문,71
없어지다,71
포인트,70
다만,70
지급,70
리드,69
월요일,69
현금,69
차다,69
인정받다,69
제일,69
말다,68
당연하다,68
정리,68
저녁,68
한국인,67
바사,67
최대,67
따라가다,67
기존,67
무조건,66
위로,66
언제,66
얻다,66
갖다,66
종업,66
여기다,66
서다,66
복장,65
인지도,65
모습,65
피드백,65
기간,65
키우다,65
반복,65
책임감,65
기대,65
다수,64
기분,64
지향,64
평문,64
예전,64
바로,64
시장,64
일도,63
부족함,63
승률,63
끊임없다,63
변경,63
프로,63
잇다,63
기다,63
보기,63
맡다,62
매년,62
한계,62
기반,62
미팅,62
잠실,62
우수하다,62
적절하다,61
내려오다,61
통해,61
장비,61
불필요하다,61
인성,61
무한,61
안함,61
보이,60
요구,60
불편하다,60
차별,60
부모님,60
스마트,60
무시,60
재밌다,60
제외,59
의사소통,59
대응,59
취급,59
부가,59
관성,58
유연,58
이전,58
정보,58
도입,58
누가,58
지속,58
빡세,58
보지,58
추구,58
동기부여,58
들어가다,58
우선,58
편차,57
얘기,57
굳이,57
사원,57
부품,57
주의,57
작다,57
장기,57
모름,57
열리다,56
스톡옵션,56
특별하다,56
하루,56
이기,56
적용,56
늦다,56
분야,56
일반,56
플랫폼,56
연락,56
대신,55
따다,55
캐시,55
올리다,55
사이,55
이루어지다,55
아침,55
점심,55
합병,55
이면,55
활용,54
짧다,54
중소기업,54
리더십,54
일과,54
과제,54
갈수록,54
의미,53
이벤트,53
혁신,53
결과,53
보여주다,53
기도,53
제로,53
쾌적하다,52
변하다,52
능력자,52
이야기,52
허다,52
치열하다,52
특정,52
겪다,52
회식,52
유능하다,52
상장,52
듣다,51
나누다,51
보너스,51
초과근무,51
고생,51
현장,51
복리,51
잘못,51
급하다,51
그것,51
크루,50
진과,50
상관없다,50
워낙,50
윗사람,50
바라다,50
설명,50
성격,50
싸다,50
후생,50
무료,50
나이,49
주식,49
명절,49
편임,49
솔직하다,49
도생,49
성과급,49
반영,49
경향,48
시국,48
조직개편,48
이외,48
이자,48
무난,48
빠지다,48
판교,48
핵심,48
물량,48
이르다,48
그게,47
지원이,47
지옥,47
기기,47
개개인,47
호칭,47
물어보다,47
그닥,47
두다,47
정치가,47
거나,47
살다,47
작업,47
도태,47
자잘하다,47
가깝다,47
무제한,46
즐겁다,46
목소리,46
철저하다,46
협상,46
페이,46
떠나다,46
문서,46
배민,46
군대,46
몰리다,46
약하다,46
노조,46
조절,46
박탈,46
준비,46
추진,45
소리,45
직접,45
공무원,45
지나치다,45
지시,45
각종,45
비율,45
건지다,45
아끼다,45
전부,45
주위,45
코드,45
출신,45
매출,45
부르다,44
조정,44
노동,44
신뢰,44
가면,44
면접,44
만족도,44
최저,44
죽다,44
도와주다,44
레거시,44
사내정치,44
몰다,43
디자인,43
쎄다,43
소모품,43
대체,43
확장,43
그거,43
연장,43
의하다,43
경쟁력,43
구매,43
커서,42
현실,42
리뷰,42
망하다,42
경직,42
바꾸다,42
비용,42
어린이집,42
적자,42
잡다,42
쌓이다,42
대규모,42
인센티브,42
인간,42
진급,41
덕분,41
커피,41
마찬가지,41
거리,41
제시,41
매번,41
책임지다,41
자극,41
절차,41
보이지,41
역할,41
메신저,41
태도,41
편입,41
몇몇,41
갑자기,41
투명하다,40
특성,40
대화,40
베이스,40
외적,40
수가,40
상식,40
믿다,40
진리,40
실비,40
입장,40
올려주다,40
사용자,40
비즈니스,40
지나다,40
부여,40
깨끗하다,40
간다,40
프로그램,40
넘치다,40
도시락,40
오히려,40
펴다,39
차원,39
갈리다,39
글쎄,39
초기,39
어디가,39
무슨,39
스톡,39
임원진,39
쓸데없다,38
혼란,38
전이,38
미국,38
의욕,38
한편,38
나머지,38
상호,38
벌다,38
파악,38
과도,38
타임,38
비싸다,38
필수,38
체적,38
제한,38
역시,38
전문성,38
내용,37
하라,37
불가,37
상태,37
당하다,37
뭐라다,37
간혹,37
인지,37
정착,37
따라오다,37
그대로,37
탄력,37
케어,37
영향,37
피곤하다,37
뜨다,37
상률,37
매니,36
포함,36
써주다,36
측면,36
패밀리,36
넓다,36
세분,36
터지다,36
다루다,36
이용,36
개다,36
슬랙,36
줍다,36
깔끔하다,36
자꾸,36
행사,36
비추다,36
가이드,36
달다,35
형태,35
주지,35
초봉,35
정체,35
놓다,35
인식,35
건강,35
참여,35
범위,35
가르치다,35
친구,35
재미있다,35
실행,34
정해진,34
찍다,34
중이,34
커버,34
스타일,34
담당,34
천차만별,34
저렴하다,34
여전하다,34
모호하다,34
아이티,34
나이스,34
가나,34
싫다,34
활성화,34
테스트,34
케이스,34
시기,34
막히다,34
기여,34
초반,33
유일하다,33
오지,33
지치다,33
시선,33
고려,33
가져가다,33
해내다,33
적지,33
엉망,33
다시,33
기타,33
굴러가다,33
사회,33
달라,33
타이틀,33
티어,33
추다,33
싸움,33
꾸준하다,33
교통,33
보람,33
과거,32
메리트,32
노트북,32
순간,32
뒤지다,32
캠프,32
오래되다,32
찾아보다,32
판단,32
수록,32
투자,32
모이다,32
가치,32
줄어들다,32
재미,32
병가,32
대단하다,32
딱딱하다,32
자유도,32
그로,31
급성,31
누리다,31
알아주다,31
전략,31
계획,31
한정,31
인수,31
활발하다,31
영업,31
이익,31
편안하다,31
생산,31
놀다,31
굳다,31
사심,31
사항,31
오후,31
카라,31
생기,31
나서다,31
간섭,31
자기계발,31
성취,31
통한,30
퀄리티,30
해당,30
밀리다,30
의자,30
깊다,30
멤버,30
식사,30
대한민국,30
중시,30
선배,30
무너지다,30
용량,30
길다,30
시행,30
누군가,30
거기,30
심각하다,30
아이디어,30
영역,30
테크,30
간의,30
출퇴근시간,30
리스크,30
마이크로,30
면서,30
최대한,30
구축,30
조식,29
수행,29
더욱,29
잠실역,29
내리다,29
형성,29
붕괴,29
준수,29
안다,29
동안,29
인턴,29
밸류,29
밸런스,29
아웃,29
높이다,29
나르다,29
근속,29
안해,29
잃다,29
간식,29
설정,29
이끌다,29
여유,29
방법,29
리그,29
높아지다,29
개념,29
살짝,29
다음,29
가기,29
리소스,29
시킴,28
오픈,28
움직이다,28
싫어하다,28
따라서,28
순위,28
불다,28
인계,28
통역,28
유관,28
사고,28
이번,28
스택,28
디자이너,28
불안하다,28
돌아오다,28
유저,28
마련,28
놀금,28
얼마나,28
겠다,28
귀엽다,28
엔지니어,28
새벽,27
음료,27
무능력하다,27
업체,27
묻다,27
진심,27
우대,27
수많다,27
안주,27
아래,27
과연,27
급격하다,27
카페테리아,27
강제,27
최신,27
편리하다,27
구분,27
빵빵,27
무언가,27
프리,27
분단,27
나아지다,27
한지,27
보통,27
하복,27
직시,26
일상,26
체감,26
메일,26
자발,26
기적,26
끝내다,26
금방,26
물류,26
시대,26
이뤄지다,26
마음대로,26
더하다,26
화장실,26
최상,26
개편,26
빡셈,26
잔치,26
공감,26
실상,26
거치다,26
낙하산,26
카무,26
근로,26
주일,26
채다,25
반대,25
연령,25
옛날,25
대가,25
히스토리,25
음료수,25
정확하다,25
강조,25
려고,25
기계,25
특유,25
정작,25
좁다,25
자랑,25
숫자,25
서울,25
유명하다,25
균형,25
이하,25
빡센,25
정시,25
부적,25
식대,25
대출,25
나아가다,25
달성,25
정해지다,25
만들기,25
들어주다,25
건강하다,24
지내다,24
금전,24
자료,24
내야,24
포장,24
확인,24
공간,24
대다,24
역대,24
인척,24
선진,24
똑같다,24
휴게,24
나가야,24
실질,24
점도,24
심해지다,24
근처,24
그리다,24
장애,24
우수,24
경계,24
겁나다,24
화가,24
견디다,24
불분명,24
리기,24
베다,24
동기,24
분리,24
치가,24
소수,24
상하,24
사기,24
장벽,23
나중,23
달라지다,23
선도,23
밝다,23
긍정,23
대충,23
캐쉬,23
자녀,23
유급,23
천국,23
상향,23
토론,23
요새,23
심지어,23
이커머스,23
인맥,23
밀러,23
부리다,23
불통,23
라이프,23
미흡하다,23
먹기,23
팀내,23
단계,23
대하,23
개월,23
꾸다,23
난이도,23
곳도,23
더디다,23
구성,23
한마디,23
카드,23
화사,22
카톡,22
일수,22
조용하다,22
자기개발,22
주가,22
투입,22
평등하다,22
버스,22
외적인,22
실망,22
행동,22
돌리다,22
타가,22
신청,22
안타깝다,22
밀다,22
뉴스,22
뚜렷하다,22
쉽다,22
꼰대들,22
트렌드,22
브랜드,22
깔다,22
이만,22
국가,22
휴양,22
신기하다,22
차이다,22
시급,22
돌보다,22
비지니스,22
동결,22
단기간,22
쉬움,22
덜하다,22
개진,22
직할,22
지식,22
행복하다,21
는걸,21
사적,21
차갑다,21
최소,21
피플,21
낮아지다,21
잘나오다,21
병원,21
달리,21
결과물,21
불구,21
도메인,21
끝판,21
재직,21
나은,21
상관,21
형식,21
교류,21
의식,21
상상,21
외다,21
생각나다,21
놀라다,21
격차,21
년차,21
언어,21
변동,21
과금,21
주기,21
이해도,21
걸다,21
전문,21
전면,21
사수,21
실수,21
데이,21
그때,21
크기,21
보안,21
수월하다,21
증가,21
체험,21
피로,21
영향력,20
논리,20
중요,20
박하다,20
설계,20
저하,20
납득,20
어필,20
대로,20
야후,20
중견,20
출장,20
장려,20
할인,20
개판,20
적립,20
모트,20
중구,20
사무직,20
후려치다,20
탄탄하다,20
보내다,20
계열,20
위기,20
가도,20
상해,20
체크,20
대다수,20
아예,20
세상,20
동시,20
요청,20
일제,20
따위,20
이사,20
열사,20
흐름,20
해오다,20
매달,20
그다지,20
한강,20
원칙,20
끊다,20
듯함,20
던지다,20
친분,19
넘어가다,19
능동,19
지표,19
스펙,19
옮기다,19
사다,19
분명하다,19
편의,19
조성,19
추세,19
전형,19
익숙하다,19
어차피,19
차이나다,19
단체,19
인간관계,19
물가,19
친해지다,19
줄이다,19
재량,19
수동,19
조건,19
다해,19
짜증나다,19
대감,19
필요없다,19
테이블,19
기능,19
멋지다,19
철학,19
워커홀릭,19
망가지다,19
제안,19
리프,19
산업,19
극악,19
스킬,19
잘해야,19
늘리다,19
노답,19
휴식,19
식비,19
서도,19
이정,19
성공하다,19
뿌듯하다,19
퍼포먼스,19
매너,19
폐지,19
권장,19
아프다,19
중요시,19
점심시간,18
밉다,18
인생,18
내면,18
내기,18
로부터,18
세심,18
결재,18
봉인,18
삭막하다,18
고정,18
보고서,18
당일,18
쿠배,18
택시,18
증명,18
소중하다,18
대처,18
정이,18
평일,18
전무하다,18
알려지다,18
예정,18
먼저,18
무지,18
쥐다,18
의존,18
적합하다,18
자연,18
말로,18
예의,18
역다,18
오프,18
할당,18
발휘,18
부심,18
육아휴직,18
강압,18
통근,18
휴일,18
빡빡,18
공개,18
소위,18
배움,18
번복,18
쏘다,18
사생활,18
언론,18
통합,18
나라,18
핵인,18
구글,18
비대,18
타겟,18
일찍,18
코어,18
바라보다,18
파트,18
심다,17
장난,17
받아들이다,17
택배,17
깨다,17
별개,17
우리나라,17
선물,17
듭니,17
구내,17
젠틀,17
친하다,17
개방,17
노예,17
부러워하다,17
위키,17
장하다,17
인사이트,17
방치,17
개돼지,17
아이,17
마이,17
아마존,17
줄다,17
수익,17
뿐이다,17
머리,17
사시,17
소속,17
제발,17
대외,17
계시다,17
사소하다,17
상급자,17
공짜,17
공격,17
마음껏,17
마다,17
시간제,17
런가,17
포지션,17
건강검진,17
부정,17
접근성,16
달리다,16
읽다,16
숨다,16
텃세,16
플러스,16
세우다,16
지인,16
이어지다,16
끌다,16
끼다,16
학습,16
꼽자,16
초과,16
광고,16
강의,16
질문,16
일지,16
프로모션,16
로써,16
자가,16
이루다,16
불가능,16
어려워지다,16
이상은,16
교체,16
직구,16
드물다,16
여론,16
벗어나다,16
넘기다,16
중국,16
창업,16
스케줄,16
보딩,16
참고,16
기다리다,16
생존,16
그룹,16
쏠쏠하다,16
불안,16
흔하다,16
지침,16
잡고,16
직종,16
규정,16
시절,16
점차,16
가스,16
입지,16
공채,16
거지,16
지켜보다,16
의심,16
만하,16
체력,16
기르다,16
쓰기,16
모로,15
고통,15
진입,15
내일,15
탈출,15
매력,15
협조,15
식이,15
끝없다,15
운전,15
한참,15
갑작스럽다,15
구입,15
쿠친,15
사람과,15
상여금,15
여건,15
잘나다,15
다기,15
가득하다,15
과자,15
배달,15
형편,15
라이,15
분명,15
공정하다,15
국민,15
출근시간,15
게임,15
상이,15
초과수,15
시야,15
잘해주다,15
헤치다,15
근본,15
여기저기,15
웬만하다,15
만날,15
직책,15
센터,15
대면,15
난무,15
발견,15
요소,15
좌지우지,15
애자,15
띄다,15
하루하루,15
내년,15
쓴다,15
일어나다,15
지지,15
권력,15
복불복,15
진도,15
표방,15
스터디,15
근거,15
통보,15
상여,15
조율,15
대기,15
막상,15
예상,14
하니,14
매니지먼트,14
네임드,14
인색하다,14
향후,14
압도,14
완벽하다,14
협의,14
낭비,14
정자역,14
메뉴얼,14
쏟아지다,14
막강,14
무궁무진,14
리더쉽,14
단순,14
전문가,14
아지트,14
몰입,14
동일,14
안남,14
동일하다,14
리딩,14
원활하다,14
흑자,14
일주일,14
제때,14
나빠지다,14
슬프다,14
연속,14
캐릭터,14
부라,14
사공,14
부모,14
잘나가다,14
수용,14
명성,14
늦어지다,14
최소한,14
육아,14
실리콘밸리,14
무리하다,14
벌리다,14
추석,14
분석,14
난방,14
텐션,14
부터,14
전달,14
인격,14
가르다,14
빡시다,14
파워,14
박살,14
기대다,14
제라,14
길어지다,14
이어도,14
예쁘다,14
당장,14
여자,14
분당,14
정글,14
모으다,14
피해,14
흘러가다,14
수습,14
감시,14
일방,14
건가,14
남아,14
종일,14
프렌즈,14
감다,14
즐기다,14
불투명,14
객관,14
쿠폰,14
자르다,14
선호,14
확률,14
오늘,14
분배,14
꿈꾸다,13
다행,13
의료,13
이기주의,13
비개,13
배치,13
에너지,13
고과,13
착각,13
하나로,13
별다르다,13
점프,13
널다,13
새다,13
원금,13
최강,13
주차,13
믿음,13
라이더,13
부럽다,13
파견,13
성공,13
쿠키,13
사우,13
제도로,13
파티,13
육체,13
박봉,13
가이드라인,13
떠오르다,13
그만하다,13
고르다,13
협력,13
애매,13
맛없다,13
생겨나다,13
신속하다,13
움직임,13
법인,13
설득,13
관료,13
전통,13
레시,13
교환,13
패스,13
사자,13
무리,13
덕트,13
멈추다,13
디렉터,13
문제해결,13
바보,13
석식,13
완전하다,13
귀찮다,13
평준화,13
목적,13
검증,13
규제,13
익숙해지다,13
움직,13
승인,13
공동체,13
엎어지다,13
무관,13
선하다,13
그린팩토리,13
제품,13
올해,13
최고다,13
실장,13
기만,13
자동화,13
내내,13
유연성,13
익히다,13
가정,13
염전,13
여가,13
맡기다,13
뛰다,13
재택하,13
메인,13
빌런,13
자택,13
확실,13
간판,13
복지로,13
야간,13
즐거움,13
썩다,13
공지,13
분위,12
팀별,12
확보,12
붙다,12
달라짐,12
결론,12
연구,12
휴직,12
외치다,12
이지,12
비중,12
다치다,12
린지,12
지연,12
부속품,12
경조사,12
자괴,12
매뉴얼,12
접다,12
각오,12
얼굴,12
인도,12
전사,12
직전,12
이쁘다,12
자극받다,12
하위,12
제약,12
알아보다,12
전투,12
들어서다,12
연말,12
함정,12
그만두다,12
정직,12
사바,12
하락,12
자회사,12
심해,12
치이다,12
아마,12
왠만하다,12
시너지,12
견제,12
통일,12
어수선하다,12
유리하다,12
지방,12
주변인,12
어마어마하다,12
자존감,12
희망,12
금은,12
갈수,12
분담,12
먹거리,12
비례,12
개무시,12
구멍,12
중인,12
작고,12
흔들리다,12
반면,12
아깝다,12
푸다,12
치료,12
마케팅,12
어학,12
어른,12
스케일,12
실패하다,12
시각,12
그치다,12
섞이다,12
다그,12
실패,12
순환,12
독식,12
삽질,12
막다,12
궁금하다,12
바람,12
지하,11
평타,11
검색,11
분장,11
금융,11
수렴,11
지도,11
차라리,11
작성,11
밀리,11
내지,11
귀하다,11
홀로,11
로켓,11
구도,11
위계,11
반응,11
외국어,11
표현,11
요구사항,11
파격,11
잠깐,11
불리다,11
매다,11
무능,11
셔틀,11
국적,11
떠나가다,11
인도인,11
이탈,11
별도,11
우물,11
민감하다,11
실현,11
안전,11
손해,11
오락가락,11
커머스,11
은행,11
정립,11
현상,11
그러하다,11
어찌,11
몰아치다,11
덥다,11
집단,11
소모,11
쥬니어,11
해봤다,11
지하철,11
부딪히다,11
번역,11
가든,11
와중,11
대상,11
상품,11
낫다,11
짓다,11
개꿀,11
빨다,11
스테이지,11
우아하다,11
답변,11
사먹다,11
현저,11
무섭다,11
습득,11
하자,11
차지,11
공휴일,11
쫓기다,11
가득,11
몸집,11
자칫,11
지루하다,11
입김,11
논의,11
바텀업,11
켜다,11
두렵다,11
기록,11
중복,11
쪼이다,11
드리다,11
쥐꼬리,11
신생,11
밥값,11
로만,11
입다,11
소화,11
배정,11
라지,11
공장,11
회식비,11
외롭다,11
비정규직,11
와우,11
성실하다,11
엘베,11
드럽다,11
강점,11
전무,11
부추기다,10
영혼,10
결혼,10
멘탈,10
아기자기하다,10
잡무,10
든든하다,10
내놓다,10
데드라인,10
과중,10
존칭,10
치기,10
업다,10
따지다,10
배포,10
비지,10
최저임금,10
부담스럽다,10
그랜트,10
스피드,10
동생,10
도로,10
대만,10
권위,10
보유,10
제조업,10
시차,10
어깨,10
치안,10
과도기,10
늙다,10
이력서,10
극한,10
널널,10
세대,10
언플,10
소비자,10
어딘가,10
넘침,10
개별,10
갈림,10
거대하다,10
어설프다,10
영광,10
빠져나가다,10
구체,10
안나,10
채널,10
극심하다,10
인테리어,10
질서,10
평판,10
고용,10
포트,10
허들,10
활동,10
좌우,10
찍어내다,10
강력하다,10
욕구,10
개인플레이,10
문제점,10
율도,10
붙이다,10
역사,10
애정,10
구림,10
소비,10
살리다,10
온갖,10
갈구다,10
불합리,10
저렇다,10
다다르다,10
지역,10
꼬이다,10
데려오다,10
사무,10
찍히다,10
단순하다,10
포진,10
실망하다,10
치우다,10
엘리베이터,10
재택근무제,10
폭발,10
평생,10
못자다,10
직업,10
애초,10
헌신,10
주도하다,10
묵묵하다,10
각개,10
미루다,10
기한,10
자의,10
깨닫다,10
괴롭힘,10
꼬박꼬박,10
펼치다,10
사고방식,10
법카,10
온라인,10
미지,10
규칙,10
프로덕트,10
관점,10
학교,10
밥그릇,10
로간,10
접근,10
고여,10
유동,10
겉보기,10
박히다,10
중소,10
처럼,10
무방,10
쏟다,10
금액,10
어감,10
미흡,10
괴리감,10
보스,10
노하우,10
장단점,10
도감,10
열악하다,10
편의점,10
닿다,10
블라인드,10
컨펌,10
감정,9
누르다,9
기사,9
감사하다,9
충돌,9
단절,9
집착,9
신경안,9
하늘,9
연협,9
근비,9
도대체,9
저희,9
극명하다,9
클라우드,9
보존,9
친목,9
이보,9
마치,9
다비,9
쉬는시간,9
불균형,9
끼리끼리,9
우려,9
언급,9
선릉,9
슬슬,9
건의,9
출중하다,9
허리,9
이진,9
진취,9
가입,9
플레이,9
작년,9
오기,9
자신감,9
비젼,9
하이,9
바탕,9
부로,9
무겁다,9
먹듯,9
잡기,9
한해,9
괴롭히다,9
자하,9
파트장,9
활기차다,9
수명,9
노가다,9
멍청하다,9
검토,9
특출나다,9
자세하다,9
어중간하다,9
찾아가다,9
자도,9
빨르다,9
문과,9
튀다,9
미지수,9
만들어지다,9
의도,9
당황,9
나뉘다,9
인터넷,9
따윈,9
기일,9
일거리,9
불확실하다,9
명함,9
넘어서다,9
넓히다,9
정상,9
존경,9
분기,9
사건,9
측정,9
호불호,9
돌다,9
간접,9
깜깜,9
최상급,9
플젝,9
자연스럽다,9
일당백,9
고함,9
유통,9
자질,9
두서,9
동아리,9
파편,9
레이,9
로스,9
부인,9
길이,9
지겹다,9
출시,9
흐리다,9
오해,9
평등,9
대우받다,9
공존,9
불만족,9
간단하다,9
용이,9
한가지,9
꼼꼼하다,9
잡다하다,9
전적,9
단어,9
회피,9
빈약하다,9
글쎄요,9
수정,9
가보다,9
소문,9
시달리다,9
빈번,9
정규,9
뺏다,9
헤드,9
의장,9
없애다,9
뒷담화,9
아랫사람,9
오류,9
쓰이다,9
치면,9
비롯,9
극히,9
욕먹다,9
만연하다,9
부실하다,9
때리다,8
베네핏,8
밀도,8
억지로,8
탁월하다,8
폐쇄적,8
삼성,8
까다롭다,8
감동,8
과극,8
놀랍다,8
외로,8
업종,8
무수,8
가치관,8
발판,8
상실,8
위상,8
쉐어,8
차량,8
절대로,8
빡쎄,8
원천,8
전산,8
관리직,8
문의,8
화하다,8
디테,8
토스,8
조음,8
절약,8
택지,8
전망,8
둥글둥글하다,8
쓰레기,8
이득,8
음서,8
천지,8
급속도,8
무도,8
지나가다,8
두루,8
노동자,8
부자,8
홍보,8
뽑히다,8
보완,8
지하철역,8
시즌,8
따뜻하다,8
변질,8
겨울,8
사례,8
분사,8
시점,8
최적,8
놓치다,8
먹음,8
감당,8
예측,8
훌륭,8
그대,8
유쾌하다,8
조심하다,8
협박,8
불평,8
밤낮,8
비합리적,8
옵션,8
직도,8
배다,8
창구,8
드리븐,8
손바닥,8
기억,8
부일,8
상처,8
무척,8
장님,8
프레,8
동력,8
문화인,8
해먹,8
불안감,8
풍부하다,8
겨우,8
고집,8
년도,8
요일,8
묵적,8
부임,8
지기,8
불안정하다,8
단기,8
안전하다,8
전개,8
단합,8
퇴보하다,8
멘토,8
차등,8
중국인,8
일본어,8
페이퍼,8
꽂다,8
정성,8
계급,8
공산주의,8
서류,8
요인,8
전과,8
실리콘,8
호떡,8
방침,8
차리다,8
우형,8
구리,8
충분,8
괜춘,8
영웅,8
경험치,8
존나,8
충격,8
월등하다,8
물어,8
시안,8
안중,8
부하,8
고치다,8
스케쥴,8
속이다,8
헤딩,8
완성,8
팽배,8
망치다,8
자동,8
드러나다,8
동남아,8
폭탄,8
아시아,8
서든,8
어울리다,8
외치,8
주관,8
불가능하다,8
승차,8
평범하다,8
사유,8
무임,8
재미없다,8
효과,8
밟다,8
사정,8
들리다,8
구비,8
구심,8
무능력,8
중상,8
주요,8
좀더,8
갈등,8
도구,8
에이스,8
파괴,8
순하다,8
컴퓨터,8
날짜,8
방안,8
배분,8
자세,8
타이,8
예산,8
칭찬,7
무늬,7
유리천장,7
다양,7
알바,7
인편,7
불가하다,7
본적,7
중식,7
모니터,7
사가,7
박다,7
곤란하다,7
불신,7
학연,7
극복,7
초창,7
일치,7
굴리,7
쏠쏠,7
채찍,7
전화,7
이해관계,7
친목질,7
날씨,7
대가리,7
가로,7
실천,7
몇개,7
플랜,7
자사,7
살아가다,7
사태,7
주장,7
안내,7
화상,7
촉박하다,7
오가다,7
지면,7
심각,7
나태하다,7
가져오다,7
철밥통,7
독특하다,7
워터,7
금요일,7
여부,7
무언,7
급박하다,7
사이클,7
데리,7
발언,7
개구리,7
취미,7
루즈,7
책리,7
얽히다,7
불친절하다,7
지고,7
중니,7
앉다,7
자만,7
소요,7
대학,7
인건비,7
인적,7
빌딩,7
세월,7
브랜딩,7
급변,7
아무렇다,7
스콥,7
다가,7
실시간,7
체제,7
때로는,7
걸어가다,7
겸직,7
한적,7
냄새,7
야생,7
수면,7
사일로,7
발의,7
일로,7
부서장,7
불편,7
벅차다,7
지경,7
호구,7
살인,7
워워밸,7
것임,7
유대,7
감싸다,7
떠들다,7
취약,7
부문,7
알앤알,7
포커스,7
학력,7
답답,7
울다,7
바라지,7
숨막히다,7
안감,7
이로,7
원래,7
종료,7
무니,7
여느,7
미숙,7
키맨,7
다른사람,7
외주,7
정부,7
부실,7
맛집,7
개성,7
고해,7
핑계,7
몰래,7
택인,7
제기,7
애쓰다,7
자격,7
곱다,7
지장,7
하달,7
안정화,7
어제,7
하후상,7
타운,7
학자금,7
화로,7
고충,7
회수,7
물이,7
유류,7
연하다,7
메다,7
장표,7
자라다,7
강박,7
케이,7
특수,7
최적화,7
마르다,7
점수,7
여타,7
멋있다,7
대학교,7
다다,7
트랜드,7
상임,7
카르텔,7
프라이드,7
젊음,7
다재,7
행복,7
받치다,7
다양성,7
다가오다,7
넉넉하다,7
장소,7
레쉬,7
부드럽다,7
어지간하다,7
기업인,7
그림,7
재택할,7
지르다,7
트렌디,7
여지,7
제법,7
임벨류,7
포트폴리오,7
누리,7
다방면,7
다이내믹,7
신입사원,7
마지막,7
결코,7
장수,7
풀다,7
배우자,7
라서,7
녹다,7
선두,7
저년,7
지킴,7
실속,7
진정,7
방대하다,7
편리,7
적정,7
무심하다,7
양호,7
쪼개다,7
잡지,7
여유롭다,7
비슷,7
안정감,7
마켓,7
캐바캐,7
거지같다,7
실손,7
소프트웨어,7
데스크,7
곳곳,7
주심,7
보편,7
굿굿,6
잘만,6
책임자,6
확대,6
반드시,6
쇼핑,6
짜이다,6
자산,6
충족,6
동등,6
디테일,6
성도,6
방임,6
주로,6
신나다,6
경쟁자,6
생일,6
근래,6
레퍼런스,6
최선,6
고성,6
발목,6
치중,6
떨어뜨리다,6
권리,6
거부,6
버겁다,6
어쨌든,6
화이팅,6
뒷받침,6
조언,6
옛말,6
여름,6
패턴,6
예민하다,6
사장,6
살기,6
기민하다,6
두려움,6
긴급하다,6
월루,6
주거,6
돕다,6
우선하다,6
떼다,6
악용,6
업력,6
질리다,6
한도,6
무책임하다,6
용하다,6
투성이,6
존대,6
갇히다,6
너머,6
달려가다,6
반하다,6
머물다,6
쿠친들,6
손꼽다,6
바르다,6
복잡,6
나무,6
과보,6
헷갈리다,6
커녕,6
잡아가다,6
무색,6
언론플레이,6
꼰대같,6
오직,6
벼락,6
근로자,6
엘레베이터,6
열심,6
독려,6
넓어지다,6
해소,6
종류,6
답지,6
잘맞다,6
서열,6
선임,6
초월,6
저리,6
골로,6
여럿,6
하드,6
음고,6
뻔하다,6
등급,6
비도,6
긴장,6
로컬,6
꼽히다,6
이자지,6
하루아침,6
융통성,6
이러하다,6
별거,6
잠시,6
만족감,6
만듬,6
유도,6
수두,6
실험,6
이점,6
화일,6
공통,6
진창,6
논란,6
그동안,6
로드맵,6
대박,6
구시대,6
다반사,6
당신,6
시간관리,6
살이,6
용이하다,6
인트라넷,6
성숙하다,6
파다,6
컨택,6
방어,6
가격,6
하청,6
양심,6
수립,6
홀딩스,6
비판,6
명확,6
돋보이다,6
타이트,6
일절,6
함일,6
태국,6
세력,6
매너리즘,6
양가,6
젖다,6
판매,6
초년,6
타고,6
싸우다,6
정돈,6
컨트롤,6
가중,6
후회,6
구르다,6
컬쳐,6
놀람,6
발표,6
개척,6
메뉴,6
제각각,6
나위,6
세련되다,6
부사,6
다국적,6
친절,6
단단하다,6
집값,6
정형,6
적응력,6
진행중,6
넘어오다,6
고인,6
누르기,6
오신,6
배부르다,6
재원,6
모호,6
물건,6
여서,6
단축,6
신분,6
힘쓰다,6
가구,6
유발,6
작용,6
꺼리다,6
마이웨이,6
지출,6
리가,6
가게,6
계산,6
동호회,6
진보,6
연결,6
맥북,6
흐르다,6
개미,6
이력,6
정서,6
사랑,6
고질,6
경제,6
가까이,6
갈이,6
대치,6
가리다,6
중요성,6
루틴,6
책정,6
서버,6
스타,6
연관,6
똘똘,6
결여,6
베이,6
도도,6
나마,6
없음재택,6
대거,6
리얼,6
어쨋,6
시끄럽다,6
인내심,6
추후,6
막무가내,6
선망,6
제의,6
심심하다,6
확정,6
먹히다,6
제재,6
포털,6
전도,6
노선,6
또래,6
셔틀버스,6
랜덤,6
방관,6
그지같다,6
친근하다,6
동네,6
만남,6
대문,6
오시,6
유입,6
어느새다,6
화차,6
구현,6
징계,6
팔다,6
등장,6
가야,6
평소,6
찾아내다,6
감소,6
울리다,6
한시,6
정적,6
노출,6
내의,6
자마자,6
딸리다,6
재택해,6
일정하다,6
애가,6
오케이,6
버티고,6
몇번,6
말단,6
상담,6
월말,6
쿨하다,6
공평하다,6
말아먹다,6
재무,6
괴롭다,6
중요도,6
코딩,6
감안,6
산정,6
멀리,6
라운드,6
더러,6
트레이닝,6
음주,6
해나,6
성능,6
희생,5
공과,5
피어,5
과로사,5
대중,5
덩치,5
고갈,5
노리다,5
위험,5
업데이트,5
만요,5
휴게실,5
보편화,5
지정,5
합의,5
대장,5
격주,5
항목,5
웃음,5
짚다,5
존버,5
사회생활,5
장기간,5
아보,5
구애,5
창의,5
내다보다,5
상시,5
느긋하다,5
캐치,5
찌르다,5
슬리퍼,5
바닥,5
화기,5
그날,5
너희,5
구석,5
깨알,5
셀프,5
미혼,5
재택중,5
논쟁,5
닫다,5
컨텐츠,5
망치,5
추첨,5
더불다,5
불확실,5
따라잡다,5
몰두하다,5
전가,5
연휴,5
앞뒤,5
늦추다,5
적어지다,5
음모,5
치질,5
여태,5
닫히다,5
독일,5
사전,5
구나,5
커뮤니티,5
애티튜드,5
방면,5
연수,5
투명,5
깎다,5
복지부,5
금제,5
일어나서,5
회전,5
잡혀가다,5
자부,5
구식,5
상급,5
당분간,5
볼일,5
백프로,5
저렴,5
콜라,5
머신,5
자고,5
종합,5
알파,5
겸비,5
리지,5
말리다,5
이닝,5
위임,5
어이없다,5
꾸리다,5
소프트,5
정비,5
주차장,5
상냥하다,5
레인지,5
분할,5
대형,5
가속,5
주제,5
내외,5
맘껏,5
전후,5
시트,5
나로,5
번의,5
몹시,5
이용권,5
헬임,5
잡음,5
돌이,5
전쟁,5
원함,5
전직,5
모델,5
고스,5
번지르르하다,5
한텐,5
줄타기,5
애사,5
조직체,5
행보,5
허울,5
연구개발,5
억대,5
도저히,5
돈버,5
잠재력,5
매월,5
소외,5
우왕좌왕,5
행정,5
서기,5
투자가,5
밑바닥,5
백오피스,5
메이저,5
시험,5
공식,5
운동,5
맛보다,5
이브,5
오름,5
궁금증,5
함성,5
년대,5
현직,5
가시,5
대답,5
심화,5
명도,5
극단,5
주목,5
찌다,5
마찰,5
답정너,5
소개,5
일개미,5
승진도,5
더럽다,5
치르다,5
계정,5
이식,5
최하,5
세계,5
조차,5
솔루션,5
네트워크,5
소재,5
너무하다,5
날수,5
소홀하다,5
몸값,5
개똥,5
스타텁,5
역행,5
장단,5
주시,5
컨디션,5
음복,5
평이,5
절반,5
높이,5
다임,5
통신비,5
만난,5
적당,5
멘붕,5
똥망,5
안락하다,5
알음,5
퇴색,5
따름,5
질도,5
호의,5
젊꼰,5
코스트,5
제멋대로,5
참견,5
전환율,5
마이너스,5
꼼수,5
파벌,5
충성,5
돌려주다,5
슬픔,5
일괄,5
설립,5
가까워지다,5
절로,5
터득,5
다툼,5
얼른,5
다인,5
관여,5
일관,5
다라,5
정의,5
지랄,5
격식,5
결제,5
대접,5
마냥,5
한순간,5
프레임워크,5
간질,5
희망고문,5
부러,5
법적,5
크리티컬,5
그럴듯하다,5
현지,5
아픔,5
성하다,5
탄압,5
굴림,5
대략,5
확신,5
사오다,5
옳다,5
미리,5
모자라다,5
골치,5
세미나,5
윤리,5
디렉션,5
치명,5
미국인,5
선지,5
무의미하다,5
올라서다,5
잡아먹다,5
분도,5
퇴직,5
워드,5
냉정하다,5
사이트,5
바치다,5
드라이브,5
눈앞,5
타워,5
비위,5
탐색,5
축소,5
모시다,5
입맛,5
세금,5
휴식시간,5
중임,5
직하다,5
전문직,5
마무리,5
시급하다,5
꺾다,5
도보,5
잘쓰다,5
영원하다,5
정보공,5
과감,5
볼륨,5
실종,5
연간,5
린다,5
팀웍,5
취업,5
아무나,5
환상,5
카테고리,5
도망가다,5
틀리다,5
나날이,5
빡치다,5
한심하다,5
캐쉬백,5
원격,5
불명,5
자랑스럽다,5
스텝,5
쫒다,5
다이나믹,5
차도,5
올라오다,5
벌이다,5
된거,5
수업,5
천만원,5
함재,5
다리,5
롯데,5
퇴직금,5
방해,5
리테일,5
다이브,5
삼백원,5
엄마,5
유망,5
실시,5
명목,5
극상,5
급속하다,5
빼놓다,5
엑셀,5
곳임,5
업그레이드,5
총수,5
빼먹다,5
무식하다,4
온화하다,4
승승장구,4
플렉서블,4
꽂히다,4
대졸,4
사르다,4
저런,4
때우다,4
극적,4
반말,4
노동조합,4
세부,4
격려,4
영어실력,4
고위,4
특징,4
장통,4
무공,4
올드,4
수의,4
자식,4
딱좋다,4
페이스,4
픽스,4
조화,4
튼튼하다,4
타입,4
풀리다,4
공룡,4
걸치다,4
외형,4
당당하다,4
고속,4
맺다,4
단연,4
후진,4
불쌍하다,4
진실,4
데이타,4
러쉬,4
웹툰,4
디지털,4
탈주,4
대량,4
나기,4
취하,4
신중하다,4
내려가다,4
건전하다,4
고수,4
조이다,4
규율,4
사의,4
산발,4
만년,4
마땅하다,4
함수,4
이롭다,4
팩트,4
러시,4
마우스,4
물다,4
을해,4
거임,4
수기,4
마리,4
서울대,4
폭망,4
주택,4
푸시,4
창립,4
흥미,4
뽐내다,4
프레셔,4
목격,4
똑똑이,4
필드,4
올바르다,4
연진,4
풀재,4
비리,4
판교역,4
안마,4
주체,4
물음,4
회고,4
무례하다,4
모독,4
함그,4
타국,4
드하,4
퍼지다,4
특별,4
위트,4
미션,4
걷다,4
상당,4
꺼내다,4
플렉스,4
취한,4
다발,4
센스,4
근시,4
아키텍쳐,4
한일,4
라플,4
정답,4
편성,4
직군,4
발도,4
나타나다,4
겸손하다,4
제주,4
혈안,4
낡다,4
좋음재택,4
뿌리다,4
구재,4
짬뽕,4
폐해,4
들풀,4
천재,4
이사도,4
함비,4
어딘,4
지라,4
순수,4
기질,4
일보,4
미달,4
밀접하다,4
휴양지,4
만일,4
임밸,4
진화,4
특근,4
징수,4
스케줄링,4
별루,4
공함,4
찾아오다,4
모임,4
정권,4
고맙다,4
능률,4
독립,4
유연제,4
독단,4
저러다,4
불협화음,4
타이밍,4
탐욕,4
사이드,4
단시간,4
퇴화,4
소식,4
발령,4
스펙트럼,4
모니터링,4
하진,4
낙후,4
우애,4
과실,4
특이하다,4
후지,4
예약,4
버디,4
물음표,4
거저,4
토대,4
긋다,4
심리상담,4
잊다,4
게다가,4
비밀,4
진작,4
모바일,4
비비다,4
루트,4
제자리,4
브로,4
표면,4
장사,4
이도,4
음식,4
주머니,4
하향,4
뜯다,4
제휴,4
흩어지다,4
우울하다,4
자아,4
저절로,4
무대,4
얽매,4
품다,4
무덤,4
종이,4
십자,4
만이,4
만사,4
남자,4
비정상,4
열다,4
과부,4
급작,4
의무,4
생색,4
뒤집어지다,4
친밀,4
고립,4
쭉쭉,4
한치,4
괴리,4
합치다,4
성장동력,4
여겨지다,4
무관심하다,4
배터리,4
수단,4
위함,4
롤백,4
라며,4
목숨,4
자본,4
적폐,4
이분,4
앉히다,4
서재,4
머무르다,4
미미하다,4
역전,4
진정하다,4
용품,4
야망,4
기수,4
낭비하다,4
육성,4
샐러드,4
사진,4
세고,4
편중,4
노사,4
헤더,4
퇴보,4
면담,4
잡일,4
함워,4
신세,4
래서,4
유료,4
보드,4
애착,4
어마,4
닥치다,4
다복,4
합당,4
기타등등,4
퍼센트,4
적도,4
틀다,4
안지,4
유의,4
콜센터,4
안달,4
삶다,4
상징,4
방역,4
로봇,4
티나,4
물품,4
완장,4
뒷말,4
무분별,4
부속,4
선착순,4
항시,4
불리하다,4
장대비,4
성골,4
점유,4
시행착오,4
갑갑하다,4
조심스럽다,4
우울증,4
생략,4
스카웃,4
연월,4
선정,4
명분,4
불분,4
뻥튀기,4
배우,4
전락,4
어뷰징,4
차감,4
드러내다,4
진출,4
캐다,4
구함,4
쫓다,4
수령,4
털다,4
독보,4
짜지다,4
팀워크,4
님문화,4
독자,4
협동,4
부마,4
혼재,4
본기,4
포상,4
비록,4
조사,4
분산,4
기름,4
끈끈,4
하므다,4
도모,4
회의실,4
복지급여,4
강화하다,4
어플,4
일개,4
불공정,4
큰일,4
오른,4
자차,4
왜인,4
꾸미다,4
개꼰대,4
고비,4
런칭,4
처지다,4
무관심,4
군림,4
기조,4
생소하다,4
복포,4
보건,4
사이즈,4
갱신,4
그려지다,4
꼰대짓,4
시원하다,4
휘두르다,4
입력,4
가누다,4
낙오,4
신체,4
약해지다,4
뽑기,4
분업,4
친척,4
폭파,4
대세,4
기상,4
한가하다,4
부의,4
넥스트,4
자원,4
볼때,4
서바이벌,4
팩토리,4
육체노동,4
갉아먹다,4
부끄럽다,4
산출,4
음역,4
갈피,4
밸리,4
몰리,4
양은,4
카피,4
편견,4
찬밥,4
알림,4
사들이다,4
라인콥,4
날리다,4
진척,4
아침밥,4
사용성,4
팀바팀일,4
부지런하다,4
배경,4
소유,4
선의,4
기혼,4
노비,4
엘리트,4
식구,4
세이브,4
피처,4
진인,4
직임,4
험담,4
양성,4
본질,4
고장,4
화합,4
원인,4
책상,4
갈아엎다,4
강추,4
산재,4
전일,4
법무,4
코웍,4
금지,4
상박,4
화실,4
꼬박,4
진상,4
위쪽,4
유가,4
한숨,4
주차공간,4
묻히다,4
보라,4
잡부,4
말기,4
참석,4
지독하다,4
안목,4
조심,4
형제,4
학벌,4
무자,4
랜딩,4
파탄,4
정신차리다,4
핸들링,4
독점,4
차일,4
파손,4
멀티,4
슈퍼,4
로직,4
기전,4
워킹맘,4
실용,4
치열,4
쾌적,4
정해,4
유치원,4
갈팡질팡,4
무진,4
십만원,4
태클,4
고달프다,4
영어권,4
봉급,4
당첨,4
편안,4
몸소,4
자비,4
평이하다,4
편도,4
사비,4
롤모델,4
인분,4
켜지다,4
유리,4
워리벨,4
임팩트,4
겉모습,4
탑재,4
반성,4
폭넓다,4
당시,4
창조,3
과대,3
로드,3
차로,3
시시각각,3
최우,3
신충,3
초록,3
숨기다,3
기울어지다,3
배당,3
빠듯하,3
관절,3
함팀,3
돌아보다,3
불화,3
수입,3
음계,3
도가니,3
조선,3
민주주의,3
기점,3
국회,3
소득,3
타인,3
안듬,3
예시,3
반바지,3
비즈니스모델,3
이상만,3
그립다,3
가라,3
해석,3
인구,3
달려들다,3
복종,3
증권,3
흉내내,3
지상,3
진지하다,3
병사,3
동의,3
장착,3
미만,3
돌려막기,3
년전,3
결단,3
시라,3
단편,3
난사람,3
관해,3
등대,3
궁리,3
유출,3
예외,3
배제,3
점워,3
자긍심,3
모자라,3
서해,3
습기,3
흘리다,3
정확도,3
중장,3
라떼,3
가관,3
들보,3
학비,3
팀일,3
섬세하다,3
명의,3
뿌리,3
부직,3
워킹,3
유니폼,3
종특,3
디폴트,3
현명하다,3
틀림없다,3
쪽팔리다,3
개국,3
팔로워,3
궁금,3
안이,3
개뿔,3
차이점,3
장도,3
혼나다,3
만해,3
지배,3
잘알다,3
장창,3
평균연령,3
프로세서,3
모범,3
손자,3
군데,3
진절머리,3
어딨다,3
메시지,3
로테이션,3
지네,3
불리,3
고래,3
전승,3
다나,3
돋다,3
부도,3
살벌하다,3
외면,3
차질,3
해주,3
알아듣다,3
후퇴,3
대학생,3
도드라지다,3
코딱지,3
뒤늦다,3
묶이다,3
컨설팅,3
고요,3
슬렉,3
금도,3
텃새,3
유사하다,3
작동,3
직속,3
고마움,3
본부장,3
막연하다,3
고하,3
승부,3
나열하다,3
곳일,3
주문,3
출산,3
호기심,3
실효,3
라이트,3
부류,3
왕따,3
다한,3
무얼,3
타령,3
웃다,3
입하,3
비만,3
노잼,3
컨셉,3
캠바캠,3
경기도,3
탄생,3
아파트,3
단지,3
철저,3
염두,3
수긍,3
실체,3
인의,3
게시판,3
제자리걸음,3
무상,3
성숙,3
미약,3
엉뚱하다,3
행태,3
갈라,3
참다,3
부활,3
변덕,3
휙휙,3
프제,3
소수만,3
설날,3
이나,3
대인관계,3
끔찍하다,3
획득,3
가짐,3
연동,3
소금,3
하야,3
대들다,3
애기,3
재고,3
숭숭,3
부합,3
끝내주다,3
문턱,3
하든,3
사나,3
기선,3
나누기,3
의아,3
기약,3
위안,3
신용,3
웨어,3
감독,3
다년,3
아부,3
변수,3
벌어지다,3
질투,3
땡기다,3
사부,3
수수료,3
평상시,3
계기,3
파이,3
더없이,3
캐리,3
스케,3
죄책감,3
미꾸라지,3
사주,3
두드러지다,3
매입,3
아들,3
공정,3
줏대,3
통과,3
헬스장,3
내공,3
난감하다,3
마주,3
나뉘어지다,3
통수,3
가두리,3
양식,3
십이,3
짐보,3
물가상승률,3
익명,3
들쭉날쭉,3
대중교통,3
처참,3
차라,3
떡값,3
퀵하,3
고도화,3
어정쩡하다,3
버튼,3
노멀,3
한창,3
뛰어들다,3
앞서다,3
다녀오다,3
굵직하다,3
둘리,3
살길,3
주주,3
혹사,3
민주,3
제이다,3
주고받다,3
플래닝,3
임해,3
가가,3
비상,3
네네,3
처참하다,3
막말,3
로라,3
확립,3
본받다,3
듣기,3
상생,3
표준화,3
월급쟁이,3
허락,3
무릎,3
동영상,3
발짝,3
몰려들다,3
만듭니,3
하고프다,3
보호,3
발랄하다,3
질의,3
지갑,3
일부러,3
동료평가,3
군인,3
오버,3
정신병,3
원만하다,3
응원,3
몸빵,3
즉흥,3
대고,3
사림,3
갈릴,3
난해하다,3
끝임,3
기껏,3
피크,3
악순환,3
넣기,3
로안,3
웰컴,3
잔뜩,3
깨달음,3
정당하다,3
뻘짓,3
계단,3
수백,3
영업직,3
고만고만하다,3
탈락,3
다누,3
어르다,3
통함,3
지모,3
월간,3
비난,3
부장,3
눈빛,3
통제,3
임벨,3
밤새다,3
급상승,3
버들,3
허탈하다,3
마이너,3
명령,3
원증,3
헬퍼,3
무외시,3
병행,3
몰려오다,3
등록,3
긴장감,3
양하,3
악화,3
널림,3
이내,3
복자,3
물의,3
피곤,3
두둑하다,3
용도,3
내주다,3
일요일,3
이너서클,3
끌리다,3
임신,3
피하,3
위선,3
품일,3
물들다,3
감수,3
엔진,3
세탁,3
형평성,3
봉사,3
침몰,3
개짬,3
보나,3
상부,3
사안,3
거대,3
적히다,3
이국,3
들통,3
톱니바퀴,3
가로서다,3
출산휴가,3
배척,3
가세,3
디벨롭,3
톡방,3
신고,3
음성,3
울분,3
쓸모없다,3
장모,3
제지,3
랩탑,3
똑바로,3
빌다,3
팀바,3
환영,3
밤시,3
서나,3
리다,3
깜짝,3
뱉다,3
분전,3
사이버,3
콜라보,3
마스크,3
일으키다,3
긴밀하다,3
식다,3
모자,3
남부럽다,3
개입,3
착취,3
체인,3
왕인,3
마시다,3
깨지다,3
줌일,3
마감,3
혼밥,3
타부,3
태우다,3
지게,3
축적,3
베스트,3
막장,3
진임,3
부근,3
폐쇄,3
트리,3
트랜디,3
먹고살다,3
부대,3
예방,3
외근,3
값싸다,3
반품,3
판치다,3
교통비,3
일부분,3
리트,3
나스닥,3
달림,3
미명,3
뿐더러,3
지능,3
관건,3
무한정,3
패키지,3
억울하다,3
네트워킹,3
있음재택,3
선제,3
강남,3
사과,3
무너,3
라이프스타일,3
고착,3
일체,3
앞길,3
유용하다,3
협업툴,3
부채,3
숙지,3
근접,3
고액,3
기부,3
통방,3
눈물,3
저기,3
기와,3
희미하다,3
계발,3
번은,3
로딩,3
조치,3
추하다,3
박아,3
충전,3
기념일,3
적성,3
사리,3
강화,3
위드,3
입학,3
기초,3
망설이다,3
위아래,3
점복,3
유니콘,3
존댓말,3
녹이다,3
불평등,3
사업자,3
넘사벽,3
발달,3
나눠지다,3
때매,3
연대,3
앞서,3
배드,3
공로,3
사가다,3
어린이날,3
수시,3
워커,3
상층,3
계층,3
잡담,3
막중,3
누락,3
대국민,3
다모,3
문화재,3
지사,3
대책,3
사리다,3
위험성,3
신세계,3
초심,3
태그,3
듯이,3
걸레,3
도르다,3
통장,3
부비,3
하이브리드,3
허덕이다,3
졸라,3
근로시간,3
회사원,3
노려보다,3
인종,3
유기,3
멜론,3
빨갛다,3
숨쉬다,3
기피,3
뿜뿜,3
커리큘럼,3
싸이트,3
밀림,3
애애,3
덕이,3
편안함,3
노동법,3
마트,3
스탭,3
직관,3
많다재택,3
경청,3
감탄,3
동반성,3
차사,3
무럭무럭,3
파이팅,3
라벨로,3
문득,3
배민뽕,3
징징거리다,3
이해관계자,3
면도,3
대표이사,3
합법,3
적기,3
테스,3
경쟁률,3
원활,3
숙련,3
도달,3
만세,3
피씨,3
온순하다,3
신발,3
단순화,3
보시,3
진성,3
앞세우다,3
자수,3
미비하다,3
달이,3
자금,3
당혹스럽다,3
연금,3
사각,3
외향,3
풍부,3
폭풍,3
토요일,3
철야,3
천대,3
프레임,3
알기,3
뇌피셜,3
월요병,3
운용,3
크라이프,3
재택임,3
다단,3
용법,3
말투,3
허례,3
밥맛,3
공고,3
토끼,3
편경,3
허식,3
후시,3
실감,3
결근,3
팀장,3
충실하다,3
뒤치다꺼리,3
음식점,3
부당하다,3
사수도,3
당주,3
벤치마킹,3
흡연,3
아이템,3
빡셀,3
일반인,3
승자,3
쩔다,3
부어,3
모델링,3
무쌍,3
만약,3
메이킹,3
올라타다,3
이메일,3
다이어트,3
무식,3
뒤따르다,3
어치,3
발주,3
은애,3
빠듯,3
취향,3
가버리다,3
근간,3
함대,3
놀래다,3
드네,3
우르르,3
계시,3
겅우,3
송파,3
묵살,3
생해,3
리만,3
사양,3
정자,3
다행하다,3
이듬,3
깊이,3
성은,3
무기한,3
뭉치다,3
직인,3
스프린트,3
생시,3
헐다,3
질적,3
떨다,3
인기,3
소용없다,3
필요시,3
간편하다,3
수리,3
붙잡다,3
후배,3
구경,3
폐가,3
거짓말,3
수다,3
기용,3
커리,3
부작용,3
직장인,3
리즈,3
엮이,3
과열,3
기계로,3
환멸,3
일본인,3
눈가,3
쩌리,3
일원,3
늘어지다,3
페셔널,3
쉬엄쉬엄,3
대리,3
마사지,3
언론사,3
가식,3
안일,3
꼰머,3
혼종,3
무사,3
재다,3
휼륭하다,3
해치다,3
순식간,3
펼쳐지다,3
치우치다,3
술함,3
낮추다,3
밋업,3
람사,3
파티션,3
식단,3
창의성,3
액티브,3
차차,3
소박하다,3
알수없음,3
파도,3
법칙,3
자유분방하다,3
괴로움,3
모회사,3
데모,3
재팬,3
주어,3
좀처럼,3
탑승,3
독고,3
게으르다,3
뎁스,3
다지,3
답시고,2
건드리다,2
독하다,2
채택,2
핑게,2
민망하다,2
쿠베,2
비사,2
래야,2
유명무실,2
고양이,2
달달,2
나볼,2
종용,2
자칫하면,2
장만,2
불허,2
나태,2
프렌들리,2
임시,2
비공개,2
안시,2
앞날,2
급증,2
음정,2
환급,2
줄알,2
적절,2
가성,2
다도,2
추종,2
쿠뽕,2
사서,2
밀고,2
태깅,2
육각형,2
미보,2
안식년,2
없슴,2
고로,2
태스크,2
보조,2
연줄,2
유혹,2
표류,2
관대하다,2
치밀하다,2
끼어들다,2
정직하다,2
루마,2
만만하다,2
풀타임,2
바꿈,2
부경,2
도덕,2
토다,2
실책,2
이니셔티브,2
리스,2
파급,2
심리,2
꼬우,2
꼽는,2
청구,2
간만,2
혼선,2
내적인,2
협소,2
시궁창,2
돌입,2
질량,2
달마,2
통계,2
강력,2
명료하다,2
사방,2
컵라면,2
냉장고,2
세지,2
팀바케,2
변모,2
위험하다,2
요하,2
뜬구름,2
칭하,2
무급,2
소임,2
물량과,2
후반,2
임업,2
실전,2
아빠,2
붓기,2
서브웨이,2
치사하다,2
탱자,2
위성,2
거품,2
이스,2
탁상공론,2
신식,2
희망이,2
무시무시하다,2
연골,2
적진,2
버거,2
흠잡다,2
들여다보다,2
껍데기,2
전용,2
듯일,2
임밸류더,2
화란,2
손실,2
제등,2
맘스,2
붓다,2
기업가,2
별반,2
무안하다,2
앞두다,2
꼰데,2
전공,2
나가떨어지다,2
도착,2
자동차,2
짱짱,2
로열티,2
일일,2
로우,2
공론,2
견과류,2
충당,2
수임,2
침해,2
포스트,2
가짜,2
보리,2
교양,2
어려웟음,2
설문,2
닦이다,2
어떡하다,2
감히,2
호환,2
메타,2
북미,2
멸망,2
진수,2
정장,2
매사,2
창피하다,2
진전,2
다그치다,2
극심,2
순수하다,2
코스프레,2
마안,2
이란,2
연습,2
가하다,2
화상회의,2
노릇,2
상장회사,2
확고하다,2
대개,2
의논,2
직계,2
초등학생,2
남일,2
담배,2
바램,2
성비,2
자본주의,2
반정,2
찾아다니다,2
뇌교육,2
어물,2
원동력,2
갈리,2
네라쿠배,2
줄줄이,2
삼각김밥,2
모멘텀,2
업뎃,2
몰두,2
적정하다,2
마탐,2
긴박하다,2
양보,2
중앙,2
심일,2
오전,2
영감,2
잠재,2
틈틈하다,2
재도,2
화비,2
부도덕하다,2
취할,2
짜증,2
회복,2
중점,2
연구소,2
사보,2
미우다,2
졸음,2
상대방,2
유자녀,2
함주,2
윈터,2
아르바이트,2
장기로,2
열의,2
외가,2
로그,2
플랫,2
혼돈,2
애도,2
유익하다,2
보아,2
손목,2
각국,2
입점,2
운동화,2
채팅,2
사면,2
절감,2
서현역,2
지점,2
불과하다,2
양상,2
스템,2
회상,2
트랙,2
단조롭다,2
쥐뿔,2
전원,2
상쇄,2
쿼리,2
임류,2
좋음풀재택,2
일간,2
근접하다,2
외수,2
통폐합,2
다지다,2
깨끗재택,2
짓거리,2
치부,2
알아내다,2
스톤,2
접목,2
오픈소스,2
대여,2
짜내다,2
간선,2
신상,2
아침식사,2
세간,2
여성,2
솔선수범,2
당직,2
국제,2
좌석,2
가뿐하다,2
마치다,2
흉내,2
획일,2
시화,2
루프,2
파고들다,2
며칠,2
추친,2
신도,2
나무라다,2
복되다,2
날카롭다,2
차오르다,2
일자,2
집행,2
얽다,2
재택환경,2
국외,2
어케,2
군더더기,2
전자상거래,2
어뷰저,2
미니,2
년후,2
거구,2
유일,2
자극제,2
도나,2
기지,2
성품,2
데스크탑,2
친철,2
메이트,2
다름없다,2
망상,2
둘째,2
잔업,2
사이좋다,2
부대끼다,2
잔인하다,2
미완성,2
파트너,2
케파,2
정수기,2
버프,2
전면재택,2
재택근문,2
직주,2
층부,2
재시,2
끈끈함,2
발음,2
관계도,2
통찰,2
군말,2
이상인,2
재택회사,2
영구,2
잔재,2
게임개발,2
재태,2
공황장애,2
재택외,2
부풀리다,2
설마,2
공사,2
수집,2
중독,2
위화,2
재택팀바팀,2
원자,2
사람인,2
선릉역,2
채운,2
필터,2
팔로우,2
소문나다,2
데리다,2
간과,2
시덕,2
쿠부심,2
말리,2
할애,2
본체,2
선구,2
상충,2
나대다,2
선견지명,2
용어,2
능주,2
추종자,2
배고프다,2
뒷전,2
면허증,2
스피릿,2
똑똑,2
참으로,2
분하다,2
계승,2
성취도,2
애매모호하다,2
중병,2
바르게,2
연중,2
구인,2
의심스럽다,2
늘어놓다,2
선후배,2
면피,2
생기지,2
거듭,2
구지,2
영리하다,2
슈가,2
급식,2
스페셜리스트,2
병들다,2
당사자,2
계약서,2
수치,2
완성형,2
바람직하다,2
속상하다,2
농담,2
줄때,2
다반,2
얼룩말,2
권하다,2
남용,2
비현실적,2
잘되지,2
신화,2
불이익,2
현격히,2
색다르다,2
멱살,2
헤메,2
대도,2
신선하다,2
보전,2
그레이드,2
용다,2
정교하다,2
사무기기,2
미미,2
바프,2
은하,2
게일,2
분과,2
라운지,2
우선주,2
심심함,2
일어,2
나누어지다,2
범의,2
부진하다,2
융합,2
비품,2
청결하다,2
어색하다,2
편재,2
광경,2
빡셉니,2
날다,2
안일하다,2
홧병,2
분포,2
오감,2
자진,2
본향,2
겉도,2
해진,2
딩시,2
이념,2
변동성,2
통역사,2
짧아지다,2
양도,2
눈감다,2
음보,2
조르다,2
거래소,2
민첩성,2
줄기,2
뉴욕,2
한국어,2
음개,2
랜드,2
인근,2
유행,2
장면,2
사지,2
자일,2
전파,2
지적,2
듯팀,2
편월,2
오피,2
올린다,2
쥐똥,2
요건,2
회계,2
전전,2
하연,2
이해해,2
모토,2
애로,2
라일,2
빙자,2
속성,2
커밍,2
보살피다,2
밴드,2
조만간,2
황무지,2
고압,2
흉하다,2
박자,2
멀쩡하다,2
각각,2
소심하다,2
노리,2
굵다,2
주기도,2
눈알,2
원수,2
트롤,2
일구다,2
오만하다,2
게인,2
동반,2
거만,2
밀려오다,2
아웃룩,2
간극,2
갈라치,2
장하나,2
측근,2
노이로제,2
빅데이터,2
나물,2
풍선,2
카스트,2
어서,2
다정,2
본격,2
지수,2
기하,2
먹이다,2
불문,2
살피다,2
적립금,2
급수,2
편힌,2
남업,2
북한,2
힘내다,2
막대,2
개살구,2
쓰레기통,2
사욕,2
윈윈,2
양면,2
깨치다,2
야합,2
방황,2
써클,2
도하,2
난리,2
연도,2
추리,2
손가락,2
곳그,2
잉여,2
모집,2
힘빠지다,2
손발,2
부풀다,2
안하무인,2
농락,2
순이,2
순서,2
칠하다,2
평점,2
개도,2
박수,2
점검,2
매스컴,2
위답,2
정예,2
주먹,2
전국,2
내직원,2
굿임,2
행위,2
중도,2
랑딸랑,2
모색,2
연마,2
단물,2
꼰대없,2
장담,2
나락,2
일감,2
의기,2
풍파,2
반나절,2
티브,2
택일,2
졸업,2
개빡셈,2
함보,2
교육과정,2
양질,2
무게,2
거래,2
피오,2
정례,2
더니,2
좌절,2
도둑,2
공모,2
거뜬하다,2
손대다,2
접속,2
뉴욕증시,2
카레,2
함급,2
노무,2
월차,2
주자,2
선의지,2
중년,2
이론,2
마루타,2
대의,2
대체휴일,2
공시,2
방문,2
기이,2
제복,2
끼우다,2
편팀바팀,2
꼽음,2
곳간,2
알맞다,2
떡밥,2
고기,2
라리,2
다차,2
잃어버리다,2
삭제,2
겉멋,2
피라미드,2
저쪽,2
슬랙들,2
로케이션,2
품목,2
스포츠,2
배짱,2
퀵플,2
나열,2
본부,2
살빠지다,2
과언,2
기미,2
눈칫밥,2
개떡같다,2
하랬다,2
뱃사공,2
지역별,2
전날,2
광탈,2
펑펑,2
수인,2
본래,2
발림,2
맥락,2
날로,2
공급,2
감사,2
독재,2
백퍼,2
능숙하다,2
네이티,2
교대근무,2
제제,2
아름답다,2
내뱉다,2
결심,2
가난하다,2
직함,2
마일,2
와이파이,2
컴터,2
외관,2
유통업,2
노노,2
에이치,2
쪼렙,2
환률,2
임서,2
장악,2
구조사,2
도덕성,2
무능력자,2
사탕,2
멀어지다,2
템포,2
예상외,2
임대,2
재탁,2
요점,2
관행,2
카오스,2
마법,2
과속,2
도배,2
취해,2
돌아서다,2
믿음직하다,2
배때,2
리쿠,2
매정하다,2
지름길,2
말르다,2
리서치,2
탈팡,2
맹신,2
취소,2
공적,2
즉시,2
청취,2
불과,2
로남,2
가시다,2
천일염,2
삼고,2
저녁밥,2
천장,2
가볍다,2
쏠리다,2
지리다,2
거해,2
진두,2
피트,2
신인,2
창문,2
대폭,2
태만,2
사일,2
부단하다,2
성의,2
재택팀,2
상대로,2
결속,2
더라도,2
일명,2
고단,2
활약,2
비인간,2
한다해,2
무오,2
핑퐁,2
낮음,2
일임,2
싫어지다,2
직위,2
인종차별,2
스퀘어,2
운임,2
차고,2
실정,2
휘하다,2
역겹다,2
독서,2
추월,2
극치,2
넘김,2
부고,2
기술자,2
재테크,2
야박하다,2
의외,2
볼모,2
부리면,2
의의,2
꼬임,2
홀릭,2
브레이크,2
오버타임,2
맵다,2
승리자,2
제보,2
클라스,2
중고,2
이부,2
걷기,2
다큐,2
세팅,2
뭔갈,2
선발,2
처가,2
착륙,2
무작정,2
운빨,2
고자,2
심부름,2
음경,2
보직,2
초초,2
삼지,2
대안,2
척도,2
자정,2
적대,2
자로,2
암투,2
다윗,2
일량,2
부수,2
동성,2
선례,2
진골,2
냉철하다,2
버는줄,2
뻗다,2
율과,2
지각,2
유치하다,2
뼈대,2
대서,2
놀리다,2
통행,2
묵묵,2
업무툴,2
타오,2
도해,2
기호,2
워크홀릭,2
원카드,2
편워,2
옆팀,2
밤늦다,2
닥터,2
티남,2
제자,2
밑도,2
부업,2
증식,2
중압감,2
수드라,2
깨우치다,2
음으로,2
글렀음,2
핸드폰,2
마구잡이,2
안타,2
오브,2
워워워,2
근근히,2
결정구조,2
휩쓸다,2
전결,2
구설수,2
사별,2
감투,2
사도,2
사이코패스,2
일인,2
환산,2
꿀빨,2
시민,2
년뒤,2
빈약,2
강약,2
예민,2
핥다,2
쩔쩔매다,2
끊기다,2
동이,2
휘둘림,2
저걸,2
스톱,2
사라,2
멘토링,2
이아,2
군기,2
놀이,2
허세,2
교육비,2
싸하다,2
엄격하다,2
바서,2
커뮤,2
봉제,2
윗쪽,2
세번,2
안통,2
건너,2
비서,2
막막하다,2
본업,2
수고,2
래일,2
완공,2
의리,2
비공식,2
시간대,2
포털사이트,2
뭉뚱그려,2
비일비재,2
전만,2
건설,2
여러분,2
주인,2
하찮다,2
멋대로,2
특화된,2
장선,2
무경,2
열등감,2
지난,2
자건,2
가운데,2
활기,2
신흥,2
사후,2
은밀,2
대변,2
착착,2
유용,2
소박,2
타성,2
회초,2
밥워,2
타격,2
키치,2
시가,2
빠르기,2
시시,2
에러,2
다이로,2
조삼모사,2
이틀,2
고루,2
구형,2
지위,2
가혹하다,2
수급,2
편물,2
까페,2
불공평하다,2
해대,2
겨냥,2
압살,2
그린,2
모되,2
멸시,2
연말정산,2
재주,2
도돌이표,2
필연,2
커밋,2
아첨,2
타협,2
서치,2
기인,2
스팟,2
서러워지다,2
편전,2
님자,2
전권,2
정함,2
어이,2
털리다,2
놀이터,2
개차반,2
인적자원,2
스위치,2
시전,2
지형,2
만만,2
업주,2
차비,2
공이,2
최종,2
데비,2
삶의질,2
품질,2
대게,2
기운,2
리포트,2
복직,2
지배구조,2
이돈,2
봉안,2
흡수,2
감듬,2
일회용,2
서적,2
멘션,2
쪼으기,2
불평등하다,2
퇴물,2
직각,2
부디,2
끝내,2
자질구레하다,2
무책임,2
비등,2
어보,2
근로기준법,2
땜빵,2
상응,2
액션,2
말장난,2
내려지다,2
부리,2
운영자,2
편향,2
계심,2
구려,2
악명,2
닥달,2
건조하다,2
툭하면,2
괜찬음,2
응답,2
아마추어,2
헐뜯다,2
려면,2
걸음,2
오산,2
무기,2
기득권,2
공공,2
군데군데,2
소망,2
첫째,2
안고,2
즉각,2
포화,2
흔적,2
밤샘,2
아아,2
읺음,2
축구,2
조기,2
유독,2
도서관,2
미안하다,2
일대,2
교묘하다,2
간신,2
혹시,2
도일,2
못내,2
어거지,2
신축,2
과업,2
유로,2
상체,2
가루,2
서인,2
원코,2
문장,2
긁다,2
패스트,2
정설,2
바깥,2
놔두다,2
듬뿍,2
산다,2
줄어듬,2
서면,2
물고기,2
몸센티브,2
달도,2
구독,2
두르다,2
단독,2
중대,2
하필,2
아메리칸,2
로남불,2
검다,2
아작,2
유야무야,2
외로움,2
짤릴,2
류팀바팀,2
합류,2
가라앉다,2
아함,2
스임,2
원년,2
계취,2
보존법칙,2
평직,2
남기다,2
에이,2
괜찬,2
문화상,2
인제,2
해명,2
스치다,2
집합소,2
어어,2
내미다,2
일비,2
꽌시,2
이직러,2
서스,2
이삿짐,2
감성,2
난감,2
융화,2
후려,2
눈길,2
패쓰,2
정신건강,2
헬프,2
번지르르,2
간택,2
플레이어,2
쳐다보다,2
별하나,2
휴대폰,2
트림,2
내려놓다,2
영차,2
대목,2
줗음,2
무비,2
폭행,2
우린,2
송파구,2
저해,2
도안,2
훈수,2
다자,2
플로우,2
셋업,2
과시,2
도아,2
자꾸만,2
저녁식사,2
쓰리다,2
무보수,2
수년,2
키워지다,2
백화점,2
사관학교,2
빌리다,2
벌이,2
변화무쌍하다,2
한몫,2
원외,2
직성,2
리진,2
희박,2
무등,2
오아시스,2
캐바케,2
초록색,2
빈틈,2
천원,2
증진,2
부복,2
모나,2
심심,2
꼴값,2
방이,2
의적,2
흉흉,2
취합,2
치과,2
키트,2
사교육,2
모드,2
위인,2
마음가짐,2
라이언,2
유한,2
반영은,2
백엔드,2
고이,2
첫날,2
으샤으샤,2
재벌,2
얄짤없,2
격주놀금,2
연기,2
트러블,2
덜다,2
주축,2
분노,2
둔하다,2
지대,2
얼집,2
행운,2
라이브러리,2
명예,2
최전선,2
히어로,2
죄송하다,2
종교,2
상치,2
주류,2
설치,2
국방부,2
참게,2
제나,2
특수하다,2
신문사,2
워러밸,2
십년,2
허용,2
바리,2
낙관,2
훈장,2
단가,2
미비,2
만지다,2
적음,2
취지,2
작아지다,2
가꾸다,2
무의미,2
약화,2
배송물량,2
포지셔닝,2
관찮,2
월별,2
우주,2
침체,2
배송량,2
곳곧,2
농땡,2
부탁,2
취임,2
도비,2
상실하다,2
오프라인,2
정신과,2
피우다,2
약속,2
위협,2
자랑거리,2
빠방,2
충만,2
훈훈하다,2
키친,2
완료,2
연출,2
달동,2
어처구니,2
내복,2
처지,2
타개,2
지루함,2
파볼,2
바조,2
어시,2
어르신,2
알차다,2
니지,2
학생,2
무서움,2
곡선,2
까먹다,2
쪼아대,2
폭락,2
알아채다,2
눈것,2
도등,2
타라,2
어중,2
열매,2
한자,2
학예회,2
스테이,2
서운하다,2
덩달아,2
모양,2
미묘하다,2
살수,2
네버,2
싸지르다,2
추출,2
게으름,2
최고봉,2
살찌다,2
유동성,2
인더스,2
검진,2
주니,2
산더미,2
마디,2
지휘,2
차례,2
모험,2
적체,2
힘없다,2
피부,2
운행,2
바틈업,2
부부,2
부드러움,2
더욱더,2
지남,2
기프트,2
아리송,2
하급,2
직결,2
화목,2
누적,2
만가,2
옥죄,2
반년,2
학부모,2
방법론,2
워리밸,2
은피,2
이용자,2
비일비재하다,2
거주,2
아메리카노,2
이중,2
곳팀,2
시가총액,2
마나,2
빠방함,2
해저드,2
쵝오,2
어가,2
징징,2
정점,2
컨퍼런스,2
입초,2
줄평,2
십분,2
일일이,2
닳다,2
이음,2
발란스,2
베드,2
미스,2
식도,2
비일,2
사보다,2
인간미,2
화나다,2
횡포,2
함직,2
전담,2
고도,2
데려가다,2
페이도,2
무지하다,2
모럴,2
일터,2
총무,2
보고오다,2
강행,2
불어,1
여신,1
틀어주다,1
슬로건,1
작문,1
중반,1
스테이션,1
태아,1
경치,1
임산부,1
대운,1
스텐스,1
다재다능하다,1
양쪽,1
항션,1
이하나,1
동거,1
테두리,1
시큐리티,1
수칙,1
오토,1
비법,1
면허,1
수량,1
다우,1
권유,1
곳종,1
음악,1
동년배,1
변치않다,1
진등,1
분방하다,1
리스너,1
남녀,1
위생,1
뭉글,1
출토,1
동락,1
보증금,1
산소,1
쭉쭉쭉쭉,1
만능,1
옴비,1
준년차때,1
일중독,1
제출,1
배배,1
작전,1
함맘,1
종사,1
검인,1
쓸리다,1
애애함,1
청소,1
산책,1
유쾌,1
중아,1
번잡,1
신속,1
해독,1
연락처,1
바교,1
함지,1
부자유,1
상각,1
시위,1
안치,1
토킹,1
본토,1
악인,1
애플리케이션,1
대접받다,1
부상,1
클래스,1
팀타,1
불가피하다,1
많다월루,1
스팩,1
어떠하다,1
신문고,1
저건,1
청하면,1
항살,1
깨물다,1
보답,1
독학,1
안늠,1
법도,1
로고,1
유부,1
전월세,1
주소,1
글씨체,1
몫함,1
편꼰,1
철저함,1
없달꼬,1
임나,1
화복,1
이십,1
플레인,1
쌍방,1
깔깔하다,1
배송지,1
실명,1
자트,1
원재,1
유형,1
담백하다,1
하하,1
팀바팀임,1
응당,1
진료,1
레쥬,1
단언,1
압승,1
지게차,1
긍적적,1
남태령역,1
나쁜사람,1
풀기,1
퀵플레스라는,1
오지랖,1
기문,1
송년회,1
섭섭하다,1
베팅,1
인후,1
초복,1
진끼린,1
아낌없다,1
에듀,1
패널,1
쿠데,1
난의,1
허리띠,1
튀튀,1
세기,1
팀바캐팀,1
집요하다,1
얼음,1
진단,1
미디어,1
이츠,1
애둘,1
곱절,1
백신,1
여주,1
악의,1
리버,1
여력,1
원안,1
유난,1
떨기,1
꽃다발,1
도울,1
분초,1
영하,1
누굴,1
해제,1
상쇄시켜줌,1
풀재택코,1
등온보딩,1
도퇘,1
광범위하다,1
식언,1
간도,1
빨리,1
빡쌤,1
칼답,1
회재택,1
놀땐,1
조아리다,1
다양해지다,1
산후조리원,1
잠자다,1
명문,1
화도,1
령액,1
프린시플,1
소용,1
날아가다,1
방심하다,1
맷집하,1
서지원,1
입증,1
점재택,1
항적,1
연료,1
위시,1
공동,1
법규,1
런칭일,1
비정,1
지혜,1
기주,1
전화번호,1
화이트하우스,1
랜선송년회때,1
군장,1
멤버십,1
편주,1
봉진,1
비야,1
복구,1
화의,1
윈도우,1
엄수,1
트랜스,1
전하,1
서프라이즈,1
훈련,1
시내,1
얹다,1
유니크,1
김밥,1
장범준,1
먄탈,1
오심,1
재택로,1
코워,1
리듬,1
견주어,1
화제,1
어드벤티,1
자상하다,1
환시,1
귀염,1
다관,1
볶음,1
준다물량,1
브로스,1
공연,1
제분,1
돟음,1
안찜,1
타당성,1
언변,1
활력소,1
원상,1
조윰,1
힙하,1
피치,1
줌코,1
알때,1
반기다,1
밑바탕,1
뒤끝,1
몰상식하다,1
격의,1
푸트,1
개월치,1
편집자,1
말귀,1
다섯,1
밸돈,1
알바로,1
움를,1
칼칼퇴,1
타우아,1
얼추,1
원자유,1
구석구석,1
줌팀,1
옥션,1
꼰대질,1
선량하다,1
재밋어,1
들르다,1
의결,1
산후조리,1
빼어나다,1
믹서기,1
점진,1
호함,1
꽁초,1
토일,1
편팀,1
축복,1
수성,1
사이사이,1
래퍼,1
유나,1
포텐셜,1
짭짤하다,1
슈시,1
정보량,1
카리스마,1
한탄,1
리수,1
오밤중,1
방전,1
남성,1
즉슨,1
독선,1
장남,1
엎치락뒤치락,1
짝짝,1
김범,1
학사,1
단정하다,1
호출,1
분임,1
구별,1
디펜스,1
정상인,1
택재택재택재택,1
뚝심,1
것재택,1
씻다,1
대성공,1
고유,1
전경,1
인듯,1
남친,1
폐기,1
직일,1
적합,1
이바지,1
꼽주거,1
과다르,1
종잡,1
생신,1
간편,1
딴지걸,1
비걸,1
사사건건,1
켜줌몸빵,1
유머,1
비급,1
팀바팀캐빡셈,1
미니멀리즘,1
일분,1
당내,1
랄건,1
베트남,1
간소,1
오벌,1
몽상가,1
티셔츠,1
테일러,1
호도,1
편승,1
급사,1
쫀쫀,1
여정,1
상품권,1
꼽았으,1
뭣같,1
법사,1
압무,1
조적,1
수요일,1
치도,1
기시감,1
추격,1
거머,1
직서,1
차후,1
윗길,1
배갈,1
낙원,1
팀바팀이겟으,1
괜찬음편,1
영주,1
주중,1
나잇,1
보급,1
최정,1
외자,1
다듬다,1
사망,1
헤사,1
쿠데이,1
깨방정,1
영양가,1
빡셈팀원들,1
스탑,1
청쪽,1
부편,1
주권,1
점일,1
긴급,1
보좌,1
돈법니,1
팀바팀팀,1
입담,1
신임,1
한국판,1
파밍,1
배민뽕찬,1
가믕,1
단것,1
것꼰대,1
초집,1
연가,1
재택함,1
다이내믹스,1
나옮,1
환타지,1
직후,1
웨이브,1
신다,1
마케터,1
화려,1
시샘,1
유수,1
보도,1
곳팀바팀,1
태풍,1
보복,1
위업,1
줌알,1
임개,1
독성,1
홍삼,1
부옇다,1
저번,1
용인,1
방책,1
사관,1
던데,1
이구,1
배율,1
딜리,1
품절,1
점흠,1
씹다,1
절정,1
견고하다,1
장음,1
박해,1
번갈아,1
버는구,1
촘촘,1
끌어당기다,1
강수량,1
매제,1
상당수,1
주력,1
소히,1
재택이었,1
버전,1
행시,1
반짝이다,1
전해,1
만회,1
상함,1
통용,1
힙니,1
엔간하다,1
악역,1
닉넴,1
장바구니,1
코웤욕심,1
트리스,1
깨우다,1
랍시고,1
힐거,1
판단력,1
깐깐하다,1
예스,1
공인,1
소상,1
쪽수,1
물질,1
불로,1
볼펜,1
주님,1
모래성,1
리턴,1
가래,1
첼린,1
직진,1
호미로,1
유일하,1
해원,1
구리다,1
중간자,1
핫팩,1
시종,1
재택어떻,1
달라붙다,1
션애,1
외우다,1
학원,1
빅네임벨류,1
개연,1
매끄럽다,1
모이,1
편모,1
본성,1
바일,1
팀애,1
대회,1
간체,1
댕기,1
폰줌,1
데이비,1
약사,1
인스타,1
정신승리,1
그른,1
야박,1
리셋,1
속기,1
달이다,1
읍니,1
스텝업,1
이신,1
살림살이,1
밑천,1
곳재택,1
편작,1
깔리다,1
한장,1
이또,1
얼리다,1
칼퇴못,1
안씀재택,1
꼰대면,1
경어,1
다이렉트,1
레깅스,1
연인,1
백원,1
끝그,1
차팀바팀,1
아려,1
이백이,1
디렉팅,1
슬기롭다,1
잠식,1
점시,1
균열,1
식당가,1
상가,1
존맛,1
그림자,1
년새,1
원론,1
재택률,1
번역가,1
영자,1
벋다,1
붙임성,1
일하몀,1
만렙,1
에고,1
니나,1
부킹,1
더블,1
메카,1
문구,1
카뮤,1
해킹,1
포카리스웨트,1
하바,1
반볻됨,1
같잖다,1
답장,1
쇄신,1
불쾌하다,1
임팀바팀,1
해치,1
출하,1
하나같다,1
회신,1
메세지,1
문물,1
휘발,1
슬랙방,1
어진,1
소의,1
안착,1
의식주,1
언행,1
쓸모,1
보상재택,1
팀바티,1
자시다,1
부쪽,1
거양,1
이윤,1
내적,1
굴릴려,1
선비,1
결의,1
권태,1
무용지물,1
이어링,1
생동감,1
수요,1
재택때문,1
무주시,1
말응,1
젠장,1
절절,1
조유연,1
최초,1
후년,1
천하다,1
임위,1
나사,1
넥슨,1
음대,1
무렵,1
중박,1
박스,1
징글징글,1
구구,1
보딩배민,1
방도,1
출발점,1
각의,1
파헤치다,1
핫이슈,1
소한,1
헬로,1
쇼앤프루브,1
도통,1
움즉,1
무거,1
한바탕,1
성지,1
로망,1
재택한다,1
탑팀,1
엉덩이,1
사원권,1
근대,1
재발,1
텨직금있,1
재택등,1
뛰어넘다,1
빛나다,1
유머러스하다,1
화예,1
월욜,1
책무,1
중재,1
간소화,1
많고재택,1
스타트,1
성자,1
직공,1
성적,1
반기,1
메스,1
도우미,1
쪼으고보,1
결원,1
다짐,1
버스정류장,1
타툼,1
이권,1
억지스럽다,1
담다,1
사치,1
정선,1
싸이다,1
뜨겁다,1
화단,1
왕관,1
고급,1
회화,1
취합보고,1
해갈,1
앓다,1
있엇습니,1
못하먄,1
실탄,1
장전,1
집결,1
시원,1
탈바꿈,1
회원,1
바이브,1
권한부여,1
편비,1
전자렌지,1
초입,1
일쑤,1
재택착,1
음번,1
조인,1
시세,1
바쁨재택,1
섞다,1
꼬마,1
안녕하다,1
따갑다,1
설치다,1
습니,1
쫄렸,1
임칼,1
온보딩팀,1
업황,1
구간,1
컨설턴트,1
재택상태,1
뻔적,1
닥달많,1
일배,1
시지,1
우기,1
시험대,1
남지,1
큼직하다,1
외향성,1
뷰뷴운,1
쏟아내다,1
범용,1
빡센데,1
장저,1
브레인스토밍,1
컨터,1
로그인,1
식물,1
편지,1
의전,1
징함,1
입도,1
나옴재택,1
옆옆팀,1
염팀,1
임무,1
운영체계,1
님제,1
따오다,1
엊음,1
연발,1
옶슴,1
화려하다,1
정산,1
전체주의,1
공신,1
어줍짢,1
시일,1
성질,1
리조트,1
증시,1
쌩까다,1
전해지다,1
줌육,1
공일,1
밸일,1
스벅,1
하인,1
공표,1
쩌구,1
헛일,1
입회,1
등살,1
습관화,1
화성,1
무문,1
정재,1
애드혹,1
로디,1
밸밖,1
사실관계,1
출발,1
점재택짱임,1
또박또박,1
기웈,1
가상,1
파묻히다,1
스탠다드,1
당면,1
트래디셔널,1
읺는,1
범초봉,1
자정작용,1
봉착,1
재해,1
년안,1
억지,1
구두,1
떼감,1
기관,1
여자도,1
답습,1
자책,1
버려지다,1
압박재택,1
입구,1
그릴,1
어드민,1
스탁,1
라성,1
비실,1
때론,1
비상하다,1
닦다,1
부과,1
끼린,1
팔다리,1
가용,1
지유,1
감추다,1
질주,1
사주다,1
컨펌라,1
복징,1
반도체,1
국물,1
정량,1
쑤시다,1
다듬어지다,1
배아,1
컴펌받,1
변호사,1
다이어그램,1
축나,1
쉬움므,1
도기,1
그리기,1
도무지,1
혼종임,1
가십,1
업적,1
안내면,1
구조조정,1
밀어내기,1
구박,1
욕함,1
생활화,1
맨손,1
질질,1
가줄,1
전격,1
간봄,1
함물량,1
년내,1
고소,1
전역,1
욕설,1
바짝,1
무채임,1
덕트팀,1
만인,1
의직,1
딛다,1
응기,1
널린,1
맹산,1
사망자,1
결집,1
수렁,1
토나오다,1
당부,1
나소,1
꾀다,1
남폐쇄,1
짬순,1
해주시,1
예비,1
수선,1
가량,1
잔소리,1
도의,1
등용,1
확충,1
세로,1
울화통,1
돌진,1
이재,1
폐단,1
머르겠,1
쪼면,1
번질,1
왜냐면,1
텐데,1
남초,1
파면,1
나르시즘,1
업보,1
호소,1
박지르다,1
아내,1
생명,1
매기,1
니드,1
상신,1
어어어어,1
소지,1
여파,1
클리어,1
줄줄,1
놀란,1
요음,1
이주,1
직설,1
사하다,1
장편소설,1
뿐더,1
사막,1
영화,1
괜춘복,1
반지의제왕,1
엘프,1
한비,1
꽝임,1
이이,1
컨펌절차,1
조긍사,1
스트레이트,1
마진,1
짬겉,1
과함,1
컴펜,1
세이,1
단정,1
뽐킴,1
쪽말,1
스토리,1
인트,1
고발,1
노관,1
영아,1
이상향,1
밀집,1
테크놀로지,1
메우다,1
초성,1
사원수,1
혼술,1
폭도,1
차근하다,1
소싱할,1
삭막,1
육두문자,1
않음빡센,1
매칭,1
천조국,1
거만하다,1
인과,1
어사,1
던지기,1
굴려,1
시인,1
지정시,1
뵀습니,1
존잼,1
판별,1
외강,1
어래가,1
물량분,1
눈동자,1
외계인,1
미로,1
구역,1
갸챠,1
화병,1
애플,1
워치,1
반박,1
님들,1
어도,1
질팀바팀,1
인덕션,1
한국말,1
커먼스,1
겁니다,1
금번,1
축하,1
마뉴,1
이지민,1
기다림,1
생가,1
각인,1
방귀만,1
칼라,1
편법,1
블루,1
다세,1
본일,1
특혜,1
히스테리,1
할하,1
근육통,1
많음물량,1
간문제,1
해답,1
것임감,1
뀌어,1
불완전하다,1
정치군인,1
그날그날,1
막노동,1
새우,1
이배,1
할껀,1
신용카드,1
의라,1
기보,1
바임,1
단세포생물,1
유사,1
만평,1
주마,1
올려죵,1
빡쌔네,1
검머,1
때물량,1
이의제기,1
뿐왜,1
팔로,1
텔레그램,1
복집,1
하차,1
주더,1
원료,1
발성,1
황당하다,1
없듬,1
직애,1
월루해,1
부원,1
괞찮,1
성장기,1
물량때문,1
음상,1
선뜻,1
휘청이다,1
차출,1
원리,1
폭정,1
낫띵,1
부조리,1
갈취,1
어뷰징해,1
연혁,1
꼬리,1
몰빵됨컨펌하,1
콩깍지,1
속결,1
적웅,1
방한,1
무인,1
기준물량,1
많은물량,1
세무,1
시스,1
줌위,1
틀려지다,1
산만하다,1
약어,1
뉴비,1
쿠니,1
롱런,1
싶늠,1
대미지,1
하드코어,1
가해,1
찢어지다,1
어로,1
의분,1
빠꼼,1
화필,1
설령,1
개심,1
번것,1
쿠스,1
짜르,1
퀘스트,1
함흥차사,1
요약,1
부팀,1
무직,1
레드라이트,1
입금,1
희귀,1
팀즈,1
모순,1
리드타임,1
앖어,1
다람쥐,1
쳇바퀴,1
실하다,1
집계,1
다사,1
음절,1
매크로,1
내물량,1
잘몯되,1
하내,1
업뎃시키,1
남아나다,1
꼰머들,1
슬럼프,1
퍼정,1
개물량,1
금상첨화,1
퍼줌,1
스피킹,1
못구,1
핮니,1
인간취,1
빡샘,1
짐짝,1
오리엔테이션,1
앨범,1
자기물량,1
브랜딩팀,1
둘러보다,1
배너,1
년제,1
물량을주,1
온보딩과정재택,1
부자연,1
먹이사슬,1
고사하고,1
속출,1
향태르,1
입대,1
외양간,1
주유,1
표본,1
위부,1
적모,1
거절,1
월지,1
험지,1
서고,1
씨부리다,1
밤낮없이,1
굴릴,1
팀부,1
기형,1
수반,1
악덕,1
재입,1
라오,1
달려오다,1
매직,1
갑질,1
장시,1
역차별,1
케미,1
중전,1
력같늠,1
명덩치,1
많음재택,1
두드리다,1
태반,1
가차,1
의수,1
우운,1
옹졸하다,1
외쿡인,1
군무,1
웃기다,1
달러,1
조정은,1
가로막다,1
장땡,1
증오,1
임자,1
통화시,1
꿰었구나,1
단추,1
덮다,1
포용,1
공도,1
성문,1
실화,1
곳팀웍,1
원룸,1
적재,1
부피,1
이상하,1
안듭니다이,1
특기,1
무익하다,1
백해,1
타보라,1
것로,1
지스,1
혈압,1
장사치,1
빽빽,1
들락날락,1
국문,1
쪼으,1
줄팀,1
챗봇,1
상품화,1
시반,1
귀걸이,1
코걸이,1
고프다,1
일곱시,1
예고,1
각기,1
듯함각,1
시금,1
개구,1
첨부,1
어지럽다,1
취사,1
드라이,1
컬러,1
프린트,1
조장,1
세시,1
조지,1
실내,1
쳐줌이츠,1
환기,1
분기도,1
뮤실,1
못꿈,1
빡쎄짐,1
딩기,1
어린이,1
시해,1
소울,1
커다랗다,1
시늉,1
쭈욱,1
노동량,1
뭐좀,1
무덥다,1
가원,1
때때,1
들쭉날쭉하다,1
우유부단하다,1
밸붕,1
공단,1
윤창구,1
꼰대급,1
대휴,1
캐바,1
멸종,1
특정하다,1
금연,1
어질다,1
등골,1
재촉,1
곶통,1
쎄다쿠친,1
최대물량,1
목매,1
사임,1
윌급,1
제너럴,1
크나크다,1
리스트,1
발언권,1
깡통,1
을시,1
정각,1
고제,1
와전,1
체급,1
머릿속,1
주의자,1
건아,1
개사,1
임본,1
개미지옥,1
짬밥,1
이츠쪽,1
라우트,1
조국,1
글러벌,1
바바바,1
밥밥,1
둘러대다,1
미끼,1
안준,1
샐러리맨,1
콧대,1
폐기물,1
똥값,1
소무,1
고혈,1
방직,1
대못,1
신자,1
불친절,1
사탄,1
이강하,1
구수,1
어쨌거,1
두뇌,1
빡센편,1
고정관념,1
쓰러지다,1
자화자찬,1
부감,1
정굴,1
한가운데,1
우길,1
발린,1
르터,1
인심,1
웬만큼,1
물량배정,1
묶다,1
식임,1
실직,1
오르락내리락,1
에드,1
쪼는것,1
에나,1
입국,1
꺼지다,1
문의사항,1
이골,1
들려오다,1
듯내,1
유지관리,1
패러다임,1
불도저,1
포토,1
폴리오,1
구어,1
도망,1
하관,1
바나나,1
머선,1
비밀스럽다,1
안연,1
개쩔,1
튀어나오다,1
잊혀지다,1
말씀,1
듯터,1
세뇌,1
분안,1
복귀,1
안변,1
볶다,1
박하,1
발상,1
더러워지다,1
지병,1
진복,1
원오,1
이혼,1
랄것,1
목질,1
고렙,1
설움,1
노지원,1
짤르기,1
짜름,1
수박,1
훅훅,1
매연,1
반등,1
선전,1
명칭,1
민국,1
양인,1
천통,1
캔슬미팅,1
산이,1
짬킹,1
해드리다,1
포식,1
출근길,1
발현,1
복일,1
개빡쎄,1
점임,1
환골탈태,1
쿠시락,1
트래킹,1
잊어버리다,1
개빡샘,1
심전,1
파리목숨,1
신의,1
컴온,1
다난,1
쪼게놔,1
스마,1
배수,1
디밸롭,1
정규전,1
염세,1
남불,1
완결,1
공제,1
소득세,1
저유롭,1
교대,1
워홈,1
해애응,1
괴물,1
슬랙복지,1
정식,1
캔슬,1
빵꾸,1
찍찍,1
재택이,1
아하,1
꼽줌계약직,1
눈꼽,1
매핑,1
사납다,1
인과관계,1
유별나다,1
주입,1
분류,1
숙력도,1
워라밸따윈,1
맑다,1
파로,1
어럽,1
자리다,1
차용,1
밸몸,1
노말,1
길가,1
골목,1
겁내,1
태업,1
모래,1
레이스,1
결리다,1
개떡,1
텔레,1
잡탕,1
우좀,1
깜놀,1
설레다,1
맥진,1
최우수,1
동부,1
기진,1
일만해,1
랭귀,1
한자리,1
베리,1
백인종,1
마구,1
눈물나다,1
낸스,1
인세,1
소환,1
작업량,1
비계,1
전보,1
고진,1
우쭐대다,1
오늘이,1
소사,1
팔방,1
속작,1
헤헌,1
빡센듯,1
요업,1
휴먼,1
한보람,1
이대형,1
예절,1
점심식사,1
끼치다,1
통상,1
다야,1
무단,1
사교성,1
끊음,1
재택많음,1
모의,1
함규,1
이민자,1
않음엔데믹,1
원지,1
택용,1
이징,1
평행,1
쫌생이들,1
꽈악,1
베인,1
펀치,1
겉촉,1
플렛폼중,1
넵봇,1
브라만,1
악바리,1
올핸즈,1
이적,1
쫓아가다,1
웁슴,1
저울,1
지식인,1
안그리,1
서운해하다,1
어라하,1
비아,1
송년,1
댓글,1
조롱,1
고층,1
기울이다,1
발뺌,1
다분,1
만듬큰,1
주비,1
냇플릭스,1
졸업식,1
로되,1
산부인과,1
약제,1
렙업,1
신혼여행,1
벌키,1
비겁하다,1
비열하다,1
쪼는거,1
런칭해,1
샌티,1
주얼,1
찐따꼰대,1
이동일,1
극악하다,1
월동,1
딴다,1
저리다,1
틈메,1
안식일,1
반토막,1
얼렁뚱땅,1
프로그래밍,1
원망하다,1
도리,1
떡실신,1
만드,1
말끝,1
구세대,1
년임,1
등심심찮,1
익일,1
이행,1
학파,1
어긋나다,1
징징대다,1
비유,1
으른들,1
많지먀,1
다투다,1
재는,1
재택비,1
강정현,1
정기,1
대적,1
저지르다,1
문화영,1
스탠바이,1
가책,1
항사,1
묶여서,1
티켓,1
치솟다,1
샌드위치,1
증정,1
텀블러,1
정보보호,1
명색,1
안드로메다,1
빡셈시간,1
안짐,1
국어,1
돈대,1
빡센팀,1
멋쟝,1
자인,1
득세,1
쿠드,1
울면,1
신기,1
점심때,1
드라이버,1
피딩,1
고막,1
흡연실,1
할경,1
캠브,1
환경미화원,1
휴대,1
발리다,1
서하,1
힘일,1
로기,1
놀음,1
번경,1
질리,1
탈모,1
해악,1
닥달해,1
도데,1
스라이,1
어쩌,1
수거,1
온몸,1
토사,1
간부,1
죽지,1
개월차,1
수도권,1
지체,1
장방,1
함각,1
안알랴줌,1
스코어,1
풀이,1
가설,1
쿠친님,1
지껄이다,1
블라,1
귀로,1
쿠친님들,1
현기증,1
드림,1
인형,1
계악직,1
요양,1
필수재택,1
뚝뚝,1
턴오버,1
냉혹하다,1
똥짐,1
변곡점,1
완잔히,1
구태,1
자라,1
일용직,1
이익관리,1
함입,1
하즤,1
담보,1
다쿠,1
좇기,1
쪼음,1
팀위,1
연초,1
붕괴재택,1
나노,1
생식,1
쓴소리,1
비로소,1
해탈,1
재택업무,1
치밀다,1
졸도,1
측은하다,1
허접스럽다,1
대상자,1
달차,1
쨨었,1
싸윰,1
여유도,1
개뻥,1
포로,1
옷깃,1
서일,1
일때물량,1
증원,1
초보,1
날몸,1
중미,1
위탁,1
커스터,1
피봇팅,1
간격,1
지불,1
피디,1
의각,1
그레이,1
생누,1
임강성,1
어뵤어,1
바운드,1
마지노선,1
보폭,1
재앙,1
스직적,1
인비,1
인증,1
팀킬,1
큐리,1
운직,1
천민,1
편애,1
경비,1
묵인,1
윤리경영,1
차단됨,1
인도사람,1
의처,1
강제노동,1
류비,1
마비,1
안댐,1
다루어지다,1
환불,1
관려,1
항의,1
내시,1
의건,1
존속,1
원어민,1
제인,1
강정은,1
로지,1
방청권,1
바꿘,1
인센디브,1
크놀,1
홧팅,1
소나,1
다집,1
헬수준,1
관료제,1
확산,1
마려,1
뒤치락,1
이의,1
양산,1
의복,1
숙달,1
아이스팩,1
부림,1
물량증가,1
니아,1
돌기,1
말임,1
파생,1
세팅되,1
사용툴,1
어쩌구,1
재수없다,1
상한,1
감정노동,1
따분하다,1
내직,1
달콤하다,1
기저,1
천치,1
익숙,1
일자리,1
드세다,1
모마,1
퍼다,1
스트레서,1
뮨일,1
조항,1
한잔,1
이비,1
엄연하다,1
음유,1
재화,1
이승진,1
스파르타,1
좌충우돌,1
차만,1
빅히트,1
불운,1
호선,1
안부,1
심정,1
못버,1
환승,1
업치락,1
분리수거,1
사물,1
후기,1
텍스트,1
내달,1
클렌징,1
극소,1
특공대,1
색깔,1
엉터리,1
초단,1
커플링,1
행진,1
프러덕트,1
도출,1
실험실,1
실사판,1
정색,1
어질하다,1
과장,1
계선,1
스프링,1
자바,1
앤드,1
사리면,1
주년,1
싱가폴,1
많늠,1
전시,1
에두,1
보태,1
긴축,1
으러,1
기쥰,1
공정위,1
메이,1
먹고다,1
기이하다,1
항하,1
레이어,1
을사,1
면박,1
분대기,1
주구,1
년일,1
베타테스트,1
연하,1
꼴등,1
전음,1
중국어,1
경주,1
신호,1
위반,1
할런,1
안다해,1
남발,1
고안,1
쿠무,1
변형,1
타임머신,1
굴립니,1
스콥그,1
없었숩니,1
적응도,1
매달리다,1
현채,1
전임,1
훔치다,1
오분,1
같드,1
트릭,1
퍼기,1
꿀팁,1
놨는데,1
강철,1
오그라들다,1
가구스,1
멍청이,1
쥐락펴락낮,1
하디,1
배리,1
부배,1
협소합니,1
지은,1
만좃,1
장정,1
시간외근무,1
방목,1
경악,1
먼트,1
감끝,1
준공,1
았었으,1
꼬리표,1
으싸으쌰,1
괜첞,1
어유,1
정자동,1
도랏,1
피봄덩,1
이듭,1
민노총,1
상일,1
위구,1
비치,1
빠꾸,1
촬영,1
진퇴양난,1
부동산,1
불성실하다,1
팀임,1
집다,1
확약,1
스파게티,1
집도,1
봄학연,1
미묘,1
유능,1
진사,1
소시오패스,1
갠플,1
분투,1
순응,1
뿡뿡,1
헛소리,1
부각,1
상인,1
지탱,1
구해,1
임의,1
차때,1
루르,1
심판,1
노고,1
컨펌받는,1
폭탄주,1
거땜,1
워워벨,1
질병,1
강직,1
상위보,1
윗섴,1
시원찮다,1
깽판,1
도제,1
스테프,1
착실하다,1
기빨릴때,1
배타,1
멀티플레이어,1
점팀바팀,1
강함,1
괄목,1
복지왕,1
주볌,1
블라보,1
가은,1
코로,1
절실,1
있어쟈철,1
듣보잡,1
짙다,1
알짝,1
일진,1
재택휴가,1
삽하,1
병목,1
사막화,1
중직,1
심실,1
뒤죽박죽,1
험난하다,1
널럴,1
씌우다,1
희한하다,1
쪼잔,1
장래희망,1
해고,1
월권,1
허수아비,1
장덤일,1
따먹다,1
주눅,1
편밥,1
독서실,1
응석받이,1
거버넌스,1
혼잡,1
함몸,1
홍수,1
발탁,1
무작위,1
도중,1
츨면,1
평정,1
진주,1
밖혀,1
미제,1
정안,1
샘솟다,1
엔지니어링,1
헤어,1
한눈팔다,1
특뱔,1
워크플로우,1
안과,1
몸짓,1
징점,1
어뷰징하,1
백업,1
세명,1
동참,1
저장,1
쩔어요,1
하이에나,1
고통스럽다,1
에프,1
등워러밸,1
과밀,1
대힌,1
기둥,1
오거,1
엠임,1
페이지,1
글러,1
돈번거,1
명백하다,1
선시대,1
격조,1
찌꺼기,1
보상금,1
잠수,1
임밸류모,1
평가자,1
시기하다,1
오래됨,1
부탁드리다,1
결하,1
음감,1
달치,1
앤워,1
차기,1
화덕,1
화보,1
전염,1
익임,1
허무하다,1
것일,1
타도,1
소년,1
경고받다,1
두텁다,1
쇼잉,1
잡일줌꼰,1
번뜩이다,1
우체국,1
일회용품,1
우산,1
표업,1
관성력,1
꼴다,1
내분,1
쫓겨나다,1
위고,1
무량상,1
젝트,1
동문서답,1
건너가다,1
동료듷,1
질린다,1
정박,1
하층,1
함밥,1
리너,1
분주하다,1
빼앗기다,1
제페토,1
모듀,1
곪은,1
안쪽,1
평가절하,1
상한선,1
뭐해,1
서러움,1
해지,1
고물,1
장임,1
쏙쏙,1
고식,1
뚠뚠임원,1
코스,1
벅차오르다,1
관록,1
그릇,1
준걸,1
타고나다,1
껄끄러움,1
해더,1
정리해고,1
사상,1
선구자,1
망정,1
지신,1
폐업,1
대인,1
희다,1
분란,1
현타,1
무마,1
참혹하다,1
분화,1
어째선,1
호흡,1
고집불통,1
숨기,1
할리,1
호의호식,1
외침,1
리해,1
시그널,1
낡음,1
씨족사회,1
토의,1
볶이다,1
훤히,1
후라이팬,1
일류,1
묵음,1
우도,1
획기,1
능데,1
라라,1
도구로,1
갠관,1
뜻임퇴,1
증대,1
체재,1
서비스업,1
팩안,1
언론보도,1
좀비,1
거란,1
라능,1
보릿고개,1
도발,1
광역,1
갸꿀,1
박의,1
류카,1
일베,1
오명,1
지속가능성,1
니즈,1
변명,1
마찰력,1
스탠스,1
오죽하다,1
예년,1
암만,1
웃기,1
그이,1
아이러니,1
금년,1
낙인찍히다,1
순이익,1
기차,1
사랑받다,1
빡센편인듯,1
얼룬,1
러닝,1
요조,1
곳워,1
뭉갤수,1
값좀,1
층층,1
도망치다,1
배온,1
설설,1
농민운동,1
동학,1
워라밸른,1
피지,1
드러눕다,1
번뜸,1
탈충,1
비자,1
거팀바팀,1
팀전,1
업뮤,1
양하다,1
엄무,1
함부로,1
프리미엄,1
캬줌,1
리오,1
알라,1
음이름,1
헤드헌터,1
온보딩해,1
가파른,1
임밸류거,1
입체,1
추중,1
소진하,1
스트레수,1
부카무,1
소개팅,1
존경심,1
소멸됨,1
편년,1
보채다,1
신혼부부,1
있음플젝,1
뾰쪽하다,1
능사,1
놀수,1
택즌,1
것칼퇴,1
존대말,1
언택트,1
풀재택회사,1
해인,1
워러밸정,1
아몬드,1
유부초밥,1
초이스,1
닥치고,1
사이다,1
불타,1
뿐그,1
줄워,1
오해해,1
역앞,1
음원,1
요정,1
배신,1
밸런싱,1
영문,1
탈수,1
일색,1
반짝거리다,1
인지부조화,1
욤뽀,1
법카년,1
한데플젝,1
사칙,1
찬스,1
바실,1
쇼케이스,1
장모님,1
화조,1
늦잠,1
케버케,1
머슴살이,1
앖다,1
새로이,1
하그,1
류안,1
외세,1
실지,1
안도,1
강인,1
띵하다,1
유리수,1
아이덴티티,1
화월,1
후광,1
억울,1
광장,1
투잡,1
쪼랩들,1
사인,1
돈독하다,1
뭉개,1
엄빠,1
찮아다,1
통버,1
유주,1
끝장,1
중지,1
다카,1
상세,1
아기,1
로또,1
상기,1
전자기기,1
조합,1
초등학교,1
도상호,1
신규플젝,1
가름,1
플젝트들,1
동향,1
볼법,1
싱긴,1
시체,1
명랑하다,1
도래,1
힐링,1
통째,1
월초,1
잘뽑다,1
에어,1
줌년,1
굽다,1
학년,1
번개,1
쫄리긴,1
가금,1
말함,1
친가,1
빼주,1
햇던,1
평탄하다,1
정힐,1
아졸,1
재택비중,1
압축,1
이사해,1
금대,1
호텔,1
지저분하다,1
고취,1
올리브영,1
등둘등굴함,1
노략,1
안건,1
생태,1
모션,1
출제,1
등놀,1
분컷,1
스낵바,1
듯팀바팀,1
바운더,1
맥북프로,1
훈제란,1
격근무격,1
퇴원,1
압력,1
바팀,1
신설,1
류정,1
방조,1
모럴헤저드,1
블럭딜,1
생수,1
간절,1
구상,1
상상력,1
견학,1
등빨,1
병맛,1
추락,1
출현,1
신종,1
어리둥절하다,1
막차,1
척척,1
친교,1
넘어지다,1
페달,1
기성,1
따로따로,1
분발,1
잖다,1
빠듯할,1
저조,1
전멸,1
노땡스,1
장의,1
장치,1
류신,1
즇은편임,1
화법,1
왕복,1
택할,1
댜양,1
바지,1
명반,1
치아,1
손가락질,1
재택놀금,1
상의,1
격일,1
작당,1
신세대,1
던것,1
아이스,1
고작,1
움팀바팀,1
바디,1
그녕,1
다물다,1
편임일,1
백퍼센트,1
레디스,1
디비,1
어플리케이션,1
밸등,1
높슨다,1
함안,1
구색,1
밍외,1
맥를,1
굿워,1
위원회,1
슬로우,1
브레인,1
견줄듯,1
타의,1
코너,1
어시스턴트,1
조회,1
제비,1
소규모,1
나가요,1
야물다,1
전제,1
다식,1
커피샵,1
제정,1
돌좀,1
많음워러밸,1
정화,1
급건,1
순둥순둥,1
평안하다,1
논외,1
중정,1
평화,1
우위,1
만화,1
웰랜딩,1
다툭,1
수혜,1
카니발리즘,1
낭만,1
대루,1
내정자,1
억압,1
휘둘릴,1
어피,1
특출,1
곧다,1
향샹,1
블로그,1
강연,1
한단,1
각층,1
제택,1
임밸류워,1
가늠,1
나날,1
은의자,1
드립커피,1
떡락중,1
나하,1
추잡하다,1
반론,1
부연,1
워딩,1
감자,1
생긱안하,1
포레스트,1
미덕,1
이통,1
눈칫,1
호호,1
퍼블릭,1
너무멈,1
덜줌,1
내의원,1
편쉬,1
첨단,1
대디,1
뱌울,1
수장,1
바부,1
대츨,1
무리다,1
온도,1
느꺼,1
초점,1
대권,1
배부,1
사료,1
인수합병,1
제왕,1
변심,1
느닷없다,1
허물,1
태어나다,1
앖는,1
근육,1
형국,1
구조일이,1
광범위,1
일화,1
차세대,1
알맹이,1
수복,1
뭉화,1
제하,1
언니,1
속편,1
요역,1
라이프엔,1
붐비다,1
빨때,1
갉다,1
젊은이,1
절대자,1
생리,1
이차,1
이처럼,1
스타벅스커피,1
리크루팅,1
듯시,1
오리,1
티드,1
출퇴근길,1
구역질,1
탄천,1
웟습,1
지우다,1
바운,1
깨끗,1
최첨단,1
빽빽하다,1
증세,1
신비,1
앖음,1
거가,1
체현,1
모범생,1
시적,1
보강,1
다각,1
수학,1
맛남,1
객향,1
리모콘,1
비행기,1
덕지덕지,1
메달,1
분추,1
지밀,1
군소,1
흥미롭다,1
으르신들,1
호한,1
실의,1
부존재,1
일빡센,1
등일,1
만성,1
치키다,1
통칭,1
연비,1
온보딩할,1
몰상식,1
마주치다,1
잔일,1
프로페셔널,1
제조,1
정치화,1
후보,1
금리,1
볼땐,1
상회,1
쟁쟁,1
공기,1
세계관,1
열시,1
집약,1
괜춘해,1
옵스,1
바울,1
합리화,1
촘촘해,1
진격,1
비통,1
토탈,1
고개,1
별별,1
물리치료,1
동년,1
쪼기식,1
차별성,1
지뢰,1
피폐,1
심심이,1
파팍,1
낫밷,1
감워,1
아이패드,1
상회사,1
거북이,1
편별,1
솔찬,1
자유로,1
훌륜,1
쇠퇴,1
연한,1
중워,1
덕질,1
훌륭워라밸,1
매진,1
예산안,1
등유,1
지나,1
꿇다,1
천명,1
사악하다,1
잔잔,1
한경,1
기자,1
꿀리,1
도처,1
차제,1
편집,1
급속,1
메인스트림,1
확연,1
레터,1
동자,1
사복,1
견취,1
라이어,1
사람떄문,1
일위,1
케아,1
붙들다,1
고변,1
촘촘하,1
점년,1
콘텐츠,1
곳단,1
온통,1
부산물,1
집합,1
환일,1
덕후,1
잔고,1
맞이,1
응용,1
만들먄,1
악천후,1
구글링,1
소스,1
녹슬다,1
딱지,1
어쩌면,1
장애물,1
용서,1
손쉽다,1
빡센시기,1
어기다,1
음해,1
앞서서,1
주최,1
테크니컬,1
쪼잔하,1
움칼퇴,1
두고두고,1
부내,1
오하,1
앞가림,1
물리,1
포탈,1
굿굿밥,1
와이프,1
랄랄,1
날개,1
푸르다,1
보눈,1
과점,1
미안,1
나나,1
규오,1
직월,1
제원,1
은경,1
컨테이너,1
꼰대부,1
우러러,1
자구,1
적령,1
운빨임,1
래퍼런스,1
콩나물,1
구모,1
허가,1
까딱,1
대립,1
자급자족,1
쉽사리,1
불위,1
무소,1
싹싹하다,1
진실성,1
보상월루,1
가타,1
부타,1
문인진,1
제입,1
이두,1
결합,1
남겨지다,1
쿠라,1
일직,1
견재하,1
분점,1
특식,1
레밸,1
값어치,1
바라봄,1
워크샵,1
닮다,1
풀무원,1
오라,1
툴툴,1
하방,1
한글,1
아름,1
가늘다,1
수수,1
굶주리다,1
카배토,1
다실,1
하나요,1
펴포먼스,1
어닌,1
수질,1
쓰래,1
봉년,1
춘천,1
싸인,1
책리책리,1
기안,1
감최,1
내리막,1
매듭,1
화초,1
회시,1
엄밀하다,1
쥐락펴락,1
무거워,1
생회,1
얼핏보,1
실렵,1
끌어내리다,1
비도덕적,1
가파르,1
그래프,1
폭력,1
소원,1
나락감,1
불규칙,1
가요,1
자위,1
쇄뇌시키,1
앖을수,1
없다재택,1
쏴줫으,1
치비,1
맛탱,1
대른,1
타이트할때,1
여태껏,1
교통난,1
봉비,1
헤매다,1
유추,1
화타,1
이지나,1
내버리다,1
연속성,1
흥행,1
번지,1
니당다,1
탑티,1
개쩜,1
나긋하다,1
대지,1
경영학,1
인문학,1
부서지다,1
입밸류,1
일련,1
학계,1
동작,1
논문,1
괴류워,1
영수증,1
자꾸나,1
오빠,1
형언,1
증발,1
눈쌀,1
뭉치,1
정가,1
서후,1
주거지,1
개똥망임,1
결핍,1
미드,1
민낯,1
회정,1
비직,1
대조,1
헛발질리딩,1
움말,1
명예훼손,1
주늑,1
구지원,1
코드네임,1
페티쉬,1
마땅치,1
쪼기,1
소멸,1
악화시키다,1
다오,1
동떨어지다,1
쪼랩,1
베이비,1
드립,1
선인,1
건내다,1
세른,1
종결,1
외출,1
못때,1
병력,1
폭풍성,1
무답,1
조상,1
빠듯한감,1
팀비팀,1
인상여,1
재택여부,1
고고,1
등쌀,1
굇수,1
우일,1
성의껏,1
새우등,1
성심,1
연식,1
리알,1
낙동강,1
껀데,1
레쥬메,1
은폐,1
프렘,1
평탄,1
애마,1
천기준,1
좁히다,1
민물,1
없늠,1
굳어지다,1
쟁의,1
채도,1
권모술수,1
이세,1
드랍,1
모여들다,1
진찌,1
았기,1
대햐서,1
운명,1
이제야,1
이기만,1
거치,1
궁예,1
제목,1
간담,1
은그,1
견해,1
제로섬,1
등자,1
가축,1
짯어,1
의성,1
해딩하,1
최고급,1
은둔,1
조위,1
직따,1
쓸개,1
직차,1
설전,1
비엔,1
일률,1
상삭,1
사마,1
한주,1
댕김,1
보충,1
눈팅,1
듯함팀,1
에이전시,1
오묘하다,1
티낼,1
상자,1
돌이키다,1
팀마팀,1
족함,1
견주어봐,1
마왕,1
택온보딩,1
억제,1
평민,1
최선일,1
임임밸류,1
서질,1
았으,1
웨이,1
요사,1
막론,1
과로,1
포도,1
헤드셋,1
상주,1
홀딩될,1
환경설정,1
죽음,1
보상무,1
허튼,1
임워,1
화무십일홍,1
분쟁,1
하소연,1
재택곧,1
이해진,1
방만,1
챙거,1
제반,1
회산,1
동기회,1
나쁮,1
함또,1
두기,1
클라우스,1
척박하다,1
꼴통,1
형제자매,1
장인,1
드라마틱하다,1
드랍된다,1
바운더리,1
훌쩍,1
초대,1
우연,1
마려울,1
뽈뽈대면,1
삼전,1
마찮가지겠,1
안랩,1
팀운,1
대박나다,1
쪼그라들다,1
오금,1
민심,1
보름,1
패기,1
개수,1
야근재택,1
응대,1
적채,1
정년,1
수비,1
행쇼,1
형님,1
즉답,1
기막히다,1
사억,1
구노,1
낙엽,1
된느,1
자취,1
여실히,1
직웡,1
참고자료,1
진회,1
편돈,1
판이,1
체득,1
분소,1
에티튜드,1
나머진,1
주체성,1
편조,1
출몰,1
승계,1
수능,1
곪아온,1
족족,1
부밍하,1
얻어맞다,1
자연재해,1
많다개쩌,1
니트,1
환장하다,1
영양,1
자생,1
엣지,1
중하,1
배끼기,1
여우,1
짱짱하다,1
그래듀,1
디지털화,1
올드해,1
두루뭉술,1
미금역,1
느낌쪼,1
웍스,1
답보,1
안드네,1
일상생활,1
자명하다,1
세잔,1
엎는,1
못함넵넵넵,1
연매출,1
카바,1
마음먹다,1
왕왕,1
위힌일,1
선민의식,1
조카,1
활발,1
로워짐,1
초초초,1
말아드심,1
느릿느릿,1
고전,1
읍읍,1
덮어버,1
불미,1
필요성,1
뭘더,1
패싱,1
보신,1
흐릿함,1
사향,1
처신,1
외직,1
찬양,1
번쪽,1
베끼기,1
크리에이티브,1
악하다,1
역학,1
주사,1
배랑,1
찢기다,1
가랑이,1
수순,1
지천,1
산전수전,1
관계자,1
갈아타다,1
쳬계,1
터트려,1
모면,1
말주변,1
헬입니,1
한일관계,1
테이크,1
함남,1
준치,1
굴린,1
겸업,1
구조이,1
기왕,1
막막,1
도심,1
황금기,1
짜릿하다,1
프로덕트쪽,1
불충분하다,1
빡쎔신입,1
서하면,1
사무소,1
상등,1
진흙탕,1
쥬금,1
갈라지다,1
부별,1
힘듬재택,1
번거롭다,1
캄캄하다,1
아집,1
젯트,1
라콥,1
청사진,1
놓이다,1
한국패싱,1
커졋는데,1
상담시,1
맴버,1
모방,1
뺑뺑,1
좋슴,1
화면,1
분해,1
급선무,1
무력하다,1
커넥션,1
언사,1
캐리어,1
어뷰저들,1
공중,1
경쟁심,1
혼동,1
제작사,1
격함,1
미온,1
둔화,1
판임,1
처절하다,1
뜻밖,1
적격하다,1
임밸류팀,1
특벌히,1
아래쪽,1
혼연,1
허다해,1
옛스럽다,1
신저,1
시들하다,1
중용,1
민첩하다,1
뷰징,1
리모컨,1
면모,1
괴랄해,1
카이,1
료율,1
잠도,1
소셜,1
개인화,1
공허하다,1
컨센서스,1
얼어붙다,1
집어넣다,1
가뜩,1
귀결,1
픽셀,1
기민성,1
포맷,1
몰살,1
함윗,1
히트,1
역설,1
분명해지다,1
쓸쓸하다,1
몰이,1
낙도,1
크로스,1
빡셈삶,1
안남다,1
어둡다,1
년수,1
잊혀짐,1
펑셔널,1
크레딧,1
생태계,1
일제강점기,1
월루들,1
찝찝하다,1
것외,1
관심사,1
양식툴,1
보랑,1
느림재택,1
빠듯한데,1
조복,1
통틀어,1
제야,1
주화,1
인권,1
탈곡,1
스케쥴링,1
만에듬,1
전지,1
발버둥치다,1
언쟁,1
덤탱이,1
김원,1
풀재택넓,1
점안,1
강하,1
습관,1
열거,1
적의,1
바사라,1
물든,1
참여자,1
해외플젝,1
폭포수,1
망언,1
복잡도재택,1
톤앤,1
정보보안,1
첨가,1
누무,1
위치재택,1
환경문제,1
선후,1
재난,1
존내,1
아우르다,1
용기,1
재미나,1
전향,1
야유회,1
등산,1
가을,1
레어,1
황시,1
취함,1
비우다,1
나뿌,1
집념,1
애석하다,1
시원시원하다,1
프레젠스,1
라이너,1
감각,1
스탠드,1
절하,1
이치,1
퍼포,1
포폴,1
버팀목,1
선진국,1
진본,1
점리,1
괜춘배울점,1
관중,1
고용보,1
세밀,1
훌룡하,1
휼룡하,1
기쁨,1
숨쉬기,1
편각,1
위대하다,1
방벽,1
박약,1
절망,1
옅다,1
후유증,1
제트,1
국내법,1
스며들다,1
광야,1
뒷북,1
후회되다,1
개인정보,1
부바버겠,1
더움,1
횟수,1
리티,1
페셔,1
잠잠하다,1
널리,1
나타남,1
상갇,1
빡셈그,1
엊움,1
회사비젼,1
또렷하다,1
근성,1
위힌,1
수십,1
불매운동,1
처자,1
엔화,1
총량,1
안전성,1
많은편풀재택,1
꼬집다,1
왤다,1
레퍼,1
급진,1
러감,1
트함,1
현황,1
뵙다,1
짤리,1
후의,1
생활비,1
원치않다,1
일어나며,1
시형,1
함맨,1
오오,1
걸렷어,1
힒듬,1
미적,1
력도,1
거버넌스때문,1
좋깄다,1
성공사례,1
시어머니,1
엮이면,1
팽당함,1
엔별,1
스리,1
스위칭,1
음중,1
맴바,1
고경,1
건건,1
도큐먼트,1
가필,1
난도,1
떨이,1
괜춘합니,1
것그,1
자귿,1
애랄,1
동아시아,1
검머외,1
져지,1
눈독,1
파보,1
메이드,1
이일,1
택큰,1
신형,1
빠로,1
것늘,1
자제,1
환경성,1
고재,1
본명,1
태의,1
팀바팀쌩,1
화연,1
의상,1
재택문화,1
피복,1
간지,1
재계약,1
재정,1
스프레드시트,1
제이,1
어택,1
파릇파릇하다,1
나본,1
연결고리,1
립하,1
년치,1
키페,1
요기,1
띄우다,1
새싹,1
기억나다,1
재택그,1
소비재,1
조다,1
종식,1
차단,1
권고,1
기입,1
하단,1
성찰,1
디딤돌,1
이카머스,1
안팎,1
스탈,1
너그럽다,1
확실괜찬,1
타지,1
다현,1
퀵플렉서,1
보더,1
둘때,1
칠일,1
살펴보다,1
취적,1
마드,1
한마음,1
류역,1
케터,1
헬팀,1
툴괴,1
부그,1
체질,1
전투력,1
맘에듬,1
비드,1
까칠하다,1
듯워,1
부딪치다,1
째째하다,1
상취감,1
시락,1
마초,1
창렬,1
성항,1
널찍하다,1
설때,1
우버,1
웰빙,1
단비,1
면제,1
낮잠,1
데이나,1
결연,1
거맘,1
기프트카드,1
재성,1
싸이클,1
일종,1
연공,1
대쉬보드,1
회로,1
재택끝그것,1
앖었음,1
전세계,1
맞춤,1
기별,1
키워줌재택,1
실컷,1
트랜잭션,1
추이,1
뵈다,1
최후,1
벼랑,1
지리,1
빡일,1
마인,1
진자,1
꺠끗함,1
쓰시,1
장말,1
쾌감,1
유학생,1
큼재택,1
처후,1
뷴들,1
유투,1
어떡,1
닉네,1
험하다,1
산택적,1
오오오,1
굿잡,1
않음풀재택,1
종확,1
눈뜨다,1
실버,1
하드웨어,1
덩료,1
도우,1
자재,1
함열,1
골드,1
풀필먼트,1
잔류,1
우울함,1
루세,1
수식어,1
본늄,1
류밖,1
정확,1
상반,1
차입,1
스팅,1
캍퇴,1
더줌,1
관대,1
사려,1
월드,1
노마드,1
밤중,1
쪼금,1
인하,1
마더,1
기쁘다,1
점주,1
날일,1
쪼리,1
긑습니,1
급등,1
가상세계,1
메이지,1
우스,1
이견,1
한복,1
할머니,1
업성,1
정진,1
청결,1
풀재택할,1
사물함,1
프러덕트팀,1
우세하다,1
애처롭다,1
뿜뿜해,1
뚫다,1
관문,1
중진,1
사업실패,1
초식,1
필자,1
아트,1
경우의수,1
극도,1
해심,1
짜임새,1
날때,1
릴리,1
마한,1
오스,1
안골,1
이월,1
역삼,1
위례,1
초년샹,1
사화,1
다과,1
몸부림,1
벙하다,1
거의거의,1
날뛰다,1
담기다,1
코옵,1
얕다,1
끝일,1
노련하다,1
재택재택,1
우물쭈물,1
리치,1
복블복,1
은듯,1
음지,1
이개,1
휴넷등,1
원조,1
떠올리다,1
초임,1
드높다,1
상쇄할,1
고정연,1
대체휴일제,1
이례,1
캠페인,1
월세,1
호사,1
줌비,1
르팅,1
곡괭이,1
보듬다,1
빡센편이긴,1
날아다니다,1
세진,1
인터뷰,1
팅바팀,1
값지다,1
젠트등,1
유지됨,1
정상화,1
재택할수,1
아키텍처,1
곰곰하다,1
탤런트,1
짐조,1
좋음월루,1
쇼핑몰,1
있다풀재택,1
처세,1
플레이도,1
라그,1
오진,1
해쥬,1
트집,1
유효하다,1
뻘소리,1
재택제,1
개이득,1
겹업,1
떤다,1
리저,1
풀재택워라밸,1
기각,1
프랙티스,1
모던타임즈,1
재때,1
노맛,1
쿠리다,1
아슬아슬하다,1
휴가함,1
간수,1
몸매,1
타당,1
가넝타,1
신장,1
시타,1
중일,1
창창하다,1
도주,1
네임뱔류,1
남탓,1
만타,1
복지사,1
한다연,1
역도,1
유무,1
심함헬,1
구체화,1
종업원,1
밥임,1
봉짜,1
으쌰하,1
떨리다,1
덜덜,1
호롤로,1
걔네,1
생애,1
점비,1
심란하다,1
너저분하다,1
엮인일,1
서간,1
이몽,1
동상,1
이하임,1
아담하다,1
돌아이,1
듯흐,1
적대시,1
뒤엎기,1
면적,1
비적,1
힘들엇음,1
높여줫으,1
없늡,1
홀딩,1
염장,1
인양,1
차려,1
걸렷던듯,1
일어난다,1
쳬계적,1
가난,1
답임,1
로보트,1
흠임,1
상대평가,1
북극,1
귀가,1
비단,1
만나몀,1
비젼있,1
음어쨋,1
중계,1
오류로,1
이즈,1
십상,1
시엔,1
근방,1
밝히다,1
너프,1
위축,1
펙트,1
족쇄,1
수일,1
반발,1
멉니,1
대일,1
어쩜,1
셀바셀,1
통솔력,1
요런,1
일어나고,1
뭐임,1
왜케짬,1
억원,1
카웤,1
겨울이야기,1
행군,1
고난,1
잘살다,1
줄돈,1
꿈쩍,1
기함,1
등겉,1
결렬,1
보정,1
김범수,1
버거운,1
적기가,1
잇속,1
한순,1
가만있다,1
신들,1
들켯다,1
암암리,1
차이나,1
반타작,1
오래오래,1
미기,1
잡일맨,1
조악하다,1
뱃속,1
함평,1
거짓,1
한테라,1
참담하다,1
치하,1
짝사랑,1
장함,1
중경,1
입신양명,1
십상시,1
저급,1
선단,1
깡패,1
모멸,1
입문,1
파일명,1
속지,1
명시,1
난장판,1
탈감,1
측은,1
선수,1
업무플젝,1
밝혀지다,1
버라이어티,1
서서,1
자급,1
버상,1
어지러움,1
오염,1
주간,1
열띤,1
경화,1
서글프다,1
정실,1
긱종,1
퇴행,1
가소,1
지옥문,1
어딘들,1
덩어리,1
중팀,1
나니,1
썩이다,1
넘겨주다,1
추억,1
위장,1
보톰업,1
행상,1
논공,1
양정,1
게시,1
빈부격차,1
때답,1
카무원,1
갈라파고스화,1
허비,1
선명하다,1
성함,1
지음,1
빅테크,1
이해력,1
루하,1
해롭다,1
재택만해,1
질때,1
디른,1
서민,1
동하,1
꼽는다,1
자처,1
완급,1
조급하다,1
디스,1
임제,1
발암,1
정너,1
돠어가,1
길음,1
빨대꼽,1
첫걸음,1
천상계,1
느낑,1
응석,1
괴수,1
시부모,1
류전,1
밸런,1
출산휴직,1
양육,1
동화,1
무안,1
있다훔훔훔,1
정망,1
요거트,1
런칭중좋,1
밸팀바팀,1
나눔,1
자각,1
소금물,1
노땅,1
인류,1
휘청거리다,1
공포증,1
아저씨,1
다문화,1
노후,1
쥬얼,1
친젎하,1
향수,1
열중,1
유문,1
상승세,1
우세,1
연명,1
루준,1
튀어,1
상연,1
스톳옵션,1
염치,1
율임,1
알고리즘,1
해이,1
팔고,1
취할순,1
봄날,1
가보,1
망일,1
우수수,1
우편,1
으르신,1
꼰머문화,1
샴페인,1
자의식,1
조각,1
원화,1
갈망,1
어지운,1
물밑,1
십일이,1
얃함,1
휴지,1
골수,1
한번즘,1
상투,1
휘둘려,1
통신,1
난국,1
뽀너스,1
시련,1
분절,1
비꼬다,1
만끽,1
투덜,1
신분당선,1
녀석,1
곤조,1
어시들,1
안통함,1
평상,1
릴레이,1
팬데믹,1
뭠춘,1
터뜨리다,1
축포,1
방생,1
프론트엔드,1
평균값,1
도퇴,1
긴가민가하다,1
패치,1
잔해,1
단서,1
음음,1
무료함,1
진실되다,1
먹튀,1
다채롭,1
불우하다,1
서서히,1
그간,1
문어,1
하루나,1
인신,1
경영인,1
모래알,1
선시,1
후다닥,1
맞대다,1
스탠,1
풀재택해,1
완전재택,1
중단,1
굿재택,1
풍토,1
뭐함,1
려니,1
조화롭다,1
리팩토링,1
빡쎈,1
풀재택임,1
최고재,1
플젝하,1
쉣모두,1
재밌슴,1
림팀,1
특별대우,1
자등,1
맛사지,1
듬사람,1
탁월,1
버럴,1
노오,1
어벤져스,1
많숩니,1
실럭,1
재택아무,1
최대로,1
빡셀것,1
말종,1
중부,1
세션,1
보탬,1
인품,1
흐지부지,1
호위,1
연주,1
악기,1
강정,1
장안,1
일시,1
돈땜,1
버치지못해,1
두시,1
라카,1
덕인,1
사고뭉치,1
조돈,1
직소,1
호식,1
중금,1
동일시,1
새삼,1
덕목,1
친친,1
뽐뿌,1
족보,1
버는거,1
죽도,1
함돈,1
상관관계,1
바다,1
계란,1
듯평,1
듯비,1
성복,1
나왓다,1
여행사,1
편종,1
진짜진짜,1
정오,1
하의,1
닉값,1
리뉴얼,1
줌흠재택,1
플로,1
꿀맛,1
전계,1
거점,1
말입,1
류구,1
낭낭,1
풀재택괜찮,1
재택나쁘,1
재빠르다,1
국한,1
변신,1
택연,1
오락실,1
존버해,1
인볼빙,1
용무,1
적극성,1
은테,1
술회,1
옴유,1
용한,1
앞장서다,1
평화롭다,1
반쪽,1
탑인,1
노동환,1
웨라벨,1
올재택,1
비즈,1
건데,1
강좌,1
여행가,1
훌륭서로,1
우호,1
풍족하다,1
스탭부서쉽,1
초상집,1
영상,1
인니,1
린정워,1
유산,1
무림,1
택사,1
괜춘함,1
덕택,1
국산,1
음가,1
팀바팀몇,1
풀재택이후,1
린징,1
성원,1
엿보다,1
튀기다,1
택팀바팀이엤,1
함업,1
평온하다,1
편타,1
일꾼,1
이서,1
백배,1
커넥트,1
형사,1
파가,1
해줫으,1
자기애,1
찰거머리,1
간사하다,1
여차원,1
대칭,1
스무고개,1
런칭때,1
똥통,1
나락행,1
브라이언,1
볼멘소리,1
인기투표,1
퀄러티,1
안항,1
수전노,1
공기업,1
쪼달림일,1
베풀다,1
돈뭐,1
엎드리다,1
편살,1
복병,1
가르침,1
용돈,1
개화,1
게이트,1
비교햐,1
나부랭이,1
구직,1
기부할꼬,1
형아,1
빌게이츠,1
내꼬,1
오도,1
직지,1
저서,1
금일,1
재사용,1
선민사상,1
졸라맨,1
꿰차,1
리하나,1
장자,1
애하,1
작살,1
천도,1
내보내다,1
비틀어지다,1
바퀴,1
법눈,1
하드캐리,1
개탄,1
안떨어지다,1
칠만,1
간지럽다,1
이타,1
저조하다,1
해감,1
개쩜모,1
반비례,1
비데,1
아닥,1
명과,1
노스,1
원도,1
브레이,1
꼽주,1
버러지,1
빼박,1
좀잡,1
헬스캐어,1
무질서,1
바로잡다,1
누설,1
부돈,1
봉직,1
탁상,1
잠그다,1
전주,1
중역,1
당나라,1
걷어차다,1
심각해지다,1
사다리,1
어둠,1
편자,1
무소유,1
과민반응,1
비뀐다,1
자임,1
대란,1
도장,1
습성,1
허구,1
충의,1
기어,1
길땐,1
점심밥,1
인입,1
할부,1
회색,1
습하다,1
인내,1
엑스맨,1
이웃,1
고역,1
조력자,1
택해,1
삼만리,1
유회,1
국룰,1
찬터,1
적우,1
징검,1
인티,1
노래,1
피아노,1
독촉,1
남은지,1
결졍,1
치의,1
외한,1
꼼짝,1
음양가,1
적을겋,1
루하시,1
스태프,1
고고학,1
답정,1
무크,1
버는데,1
미들급,1
너드,1
곪았음,1
발버둥,1
빠져나오다,1
빡셈인센,1
전철,1
슈퍼마켓,1
농후,1
스테디,1
나경,1
관리제,1
성희롱,1
